order_id,promotion_id,customer_id,product_id,erp_source,quantity,unit_price,order_value,currency,order_date,order_status,_ingestion_timestamp
ORD000001,PROMO00001,CUST004,PROD012,NAV1,147,3.6818,541.22,GBP,2024-08-07,INVOICED,2026-05-05T00:00:29.895133
ORD000002,PROMO00002,CUST001,PROD013,NAV1,310,1.4908,462.15,GBP,2024-06-24,INVOICED,2026-05-05T00:00:29.895145
ORD000003,PROMO00003,CUST002,PROD002,NAV2,136,0.9527,129.57,GBP,2024-06-30,INVOICED,2026-05-05T00:00:29.895153
ORD000004,PROMO00004,CUST012,PROD008,CLOUDSUITE,343,1.2558,430.74,GBP,2024-02-12,INVOICED,2026-05-05T00:00:29.895168
ORD000005,PROMO00005,CUST010,PROD015,NAV2,165,1.1277,186.07,GBP,2024-04-13,INVOICED,2026-05-05T00:00:29.895173
ORD000006,PROMO00006,CUST004,PROD013,NAV1,218,1.6861,367.57,GBP,2024-05-03,INVOICED,2026-05-05T00:00:29.895179
ORD000007,PROMO00007,CUST008,PROD011,TROPOS,52,1.167,60.68,GBP,2024-07-13,INVOICED,2026-05-05T00:00:29.895184
ORD000008,PROMO00008,CUST012,PROD015,CLOUDSUITE,114,1.1793,134.44,GBP,2024-11-09,INVOICED,2026-05-05T00:00:29.895189
ORD000009,PROMO00009,CUST003,PROD008,CLOUDSUITE,201,1.3024,261.78,GBP,2024-04-27,INVOICED,2026-05-05T00:00:29.895193
ORD000010,PROMO00010,CUST004,PROD014,NAV1,96,4.048,388.61,GBP,2024-07-26,INVOICED,2026-05-05T00:00:29.895199
ORD000011,PROMO00011,CUST012,PROD006,CLOUDSUITE,285,3.8932,1109.56,GBP,2024-07-25,INVOICED,2026-05-05T00:00:29.895207
ORD000012,PROMO00012,CUST003,PROD004,CLOUDSUITE,476,3.196,1521.3,GBP,2024-05-19,INVOICED,2026-05-05T00:00:29.895212
ORD000013,PROMO00013,CUST007,PROD006,M3_V133,241,3.8872,936.82,GBP,2024-09-18,INVOICED,2026-05-05T00:00:29.895217
ORD000014,PROMO00014,CUST002,PROD003,NAV2,10,1.8881,18.88,GBP,2024-11-05,INVOICED,2026-05-05T00:00:29.895233
ORD000015,PROMO00015,CUST008,PROD009,TROPOS,434,4.4895,1948.44,GBP,2024-01-11,INVOICED,2026-05-05T00:00:29.895239
ORD000016,PROMO00016,CUST009,PROD013,CLOUDSUITE,158,1.6946,267.75,GBP,2024-02-29,INVOICED,2026-05-05T00:00:29.895249
ORD000017,PROMO00017,CUST001,PROD012,NAV1,10,3.4789,34.79,GBP,2024-09-14,INVOICED,2026-05-05T00:00:29.895254
ORD000018,PROMO00018,CUST011,PROD005,NAV1,487,2.7281,1328.58,GBP,2024-11-11,INVOICED,2026-05-05T00:00:29.895258
ORD000019,PROMO00019,CUST009,PROD013,CLOUDSUITE,149,1.4468,215.57,GBP,2024-11-07,INVOICED,2026-05-05T00:00:29.895263
ORD000020,PROMO00020,CUST006,PROD015,M3_V133,138,1.0917,150.65,GBP,2024-05-06,INVOICED,2026-05-05T00:00:29.895268
ORD000021,PROMO00021,CUST002,PROD002,NAV2,189,0.8759,165.55,GBP,2025-01-26,INVOICED,2026-05-05T00:00:29.895273
ORD000022,PROMO00022,CUST011,PROD008,NAV1,309,1.1333,350.19,GBP,2024-05-20,INVOICED,2026-05-05T00:00:29.895278
ORD000023,PROMO00023,CUST004,PROD015,NAV1,154,1.221,188.03,GBP,2025-01-01,INVOICED,2026-05-05T00:00:29.895283
ORD000024,PROMO00024,CUST011,PROD006,NAV1,92,3.6997,340.37,GBP,2024-08-24,INVOICED,2026-05-05T00:00:29.895287
ORD000025,PROMO00025,CUST006,PROD001,M3_V133,298,0.9072,270.35,GBP,2024-10-29,INVOICED,2026-05-05T00:00:29.895292
ORD000026,PROMO00026,CUST001,PROD004,NAV1,163,3.7366,609.07,GBP,2024-06-19,INVOICED,2026-05-05T00:00:29.895297
ORD000027,PROMO00027,CUST011,PROD008,NAV1,212,1.3517,286.56,GBP,2025-01-06,INVOICED,2026-05-05T00:00:29.895302
ORD000028,PROMO00028,CUST008,PROD013,TROPOS,435,1.6417,714.14,GBP,2024-02-21,INVOICED,2026-05-05T00:00:29.895308
ORD000029,PROMO00029,CUST007,PROD008,M3_V133,381,1.158,441.2,GBP,2024-12-15,INVOICED,2026-05-05T00:00:29.895317
ORD000030,PROMO00030,CUST001,PROD007,NAV1,153,0.7964,121.85,GBP,2024-05-11,INVOICED,2026-05-05T00:00:29.895322
ORD000031,PROMO00031,CUST003,PROD007,CLOUDSUITE,117,0.9042,105.79,GBP,2024-05-12,INVOICED,2026-05-05T00:00:29.895327
ORD000032,PROMO00032,CUST009,PROD002,CLOUDSUITE,268,1.0245,274.57,GBP,2024-01-11,INVOICED,2026-05-05T00:00:29.895335
ORD000033,PROMO00033,CUST003,PROD007,CLOUDSUITE,462,0.8444,390.11,GBP,2024-07-27,INVOICED,2026-05-05T00:00:29.895345
ORD000034,PROMO00034,CUST007,PROD005,M3_V133,335,2.6688,894.05,GBP,2024-05-29,INVOICED,2026-05-05T00:00:29.895350
ORD000035,PROMO00035,CUST011,PROD012,NAV1,395,3.8286,1512.3,GBP,2024-06-04,INVOICED,2026-05-05T00:00:29.895355
ORD000036,PROMO00036,CUST012,PROD009,CLOUDSUITE,149,4.6796,697.26,GBP,2024-02-01,INVOICED,2026-05-05T00:00:29.895360
ORD000037,PROMO00037,CUST009,PROD003,CLOUDSUITE,349,2.1494,750.14,GBP,2024-02-14,INVOICED,2026-05-05T00:00:29.895365
ORD000038,PROMO00038,CUST002,PROD011,NAV2,184,1.1586,213.18,GBP,2024-03-04,INVOICED,2026-05-05T00:00:29.895370
ORD000039,PROMO00039,CUST001,PROD010,NAV1,245,1.3911,340.82,GBP,2024-10-21,INVOICED,2026-05-05T00:00:29.895374
ORD000040,PROMO00040,CUST004,PROD011,NAV1,178,1.2021,213.97,GBP,2024-05-16,INVOICED,2026-05-05T00:00:29.895379
ORD000041,PROMO00041,CUST005,PROD008,NAV2,477,1.3213,630.26,GBP,2024-01-07,INVOICED,2026-05-05T00:00:29.895384
ORD000042,PROMO00042,CUST002,PROD002,NAV2,340,0.9183,312.22,GBP,2024-05-16,INVOICED,2026-05-05T00:00:29.895389
ORD000043,PROMO00043,CUST004,PROD006,NAV1,321,3.831,1229.75,GBP,2024-10-09,INVOICED,2026-05-05T00:00:29.895394
ORD000044,PROMO00044,CUST009,PROD001,CLOUDSUITE,12,0.8899,10.68,GBP,2024-06-03,INVOICED,2026-05-05T00:00:29.895398
ORD000045,PROMO00045,CUST005,PROD002,NAV2,354,0.8416,297.93,GBP,2024-03-22,INVOICED,2026-05-05T00:00:29.895403
ORD000046,PROMO00046,CUST012,PROD006,CLOUDSUITE,221,3.9009,862.1,GBP,2024-09-20,INVOICED,2026-05-05T00:00:29.895411
ORD000047,PROMO00047,CUST002,PROD011,NAV2,468,1.2893,603.39,GBP,2024-01-27,INVOICED,2026-05-05T00:00:29.895416
ORD000048,PROMO00048,CUST011,PROD005,NAV1,400,3.2028,1281.12,GBP,2024-10-13,INVOICED,2026-05-05T00:00:29.895421
ORD000049,PROMO00049,CUST002,PROD002,NAV2,285,0.8295,236.41,GBP,2024-10-07,INVOICED,2026-05-05T00:00:29.895426
ORD000050,PROMO00050,CUST009,PROD003,CLOUDSUITE,413,1.9786,817.16,GBP,2024-06-07,INVOICED,2026-05-05T00:00:29.895430
ORD000051,PROMO00051,CUST006,PROD004,M3_V133,285,3.2463,925.2,GBP,2024-07-01,INVOICED,2026-05-05T00:00:29.895435
ORD000052,PROMO00052,CUST010,PROD012,NAV2,466,0.7521,350.48,GBP,2025-02-17,INVOICED,2026-05-05T00:00:29.895440
ORD000053,PROMO00053,CUST001,PROD003,NAV1,354,1.8382,650.72,GBP,2025-02-05,INVOICED,2026-05-05T00:00:29.895448
ORD000054,PROMO00054,CUST005,PROD003,NAV2,190,1.8148,344.81,GBP,2024-07-18,INVOICED,2026-05-05T00:00:29.895453
ORD000055,PROMO00055,CUST004,PROD004,NAV1,433,1.1368,492.23,GBP,2025-03-01,INVOICED,2026-05-05T00:00:29.895458
ORD000056,PROMO00056,CUST001,PROD011,NAV1,193,1.358,262.09,GBP,2024-05-26,INVOICED,2026-05-05T00:00:29.895463
ORD000057,PROMO00057,CUST006,PROD011,M3_V133,100,1.2637,126.37,GBP,2024-06-19,INVOICED,2026-05-05T00:00:29.895468
ORD000058,PROMO00058,CUST003,PROD010,CLOUDSUITE,73,1.1287,82.4,GBP,2024-01-24,INVOICED,2026-05-05T00:00:29.895473
ORD000059,PROMO00059,CUST012,PROD013,CLOUDSUITE,199,1.677,333.72,GBP,2024-03-02,INVOICED,2026-05-05T00:00:29.895477
ORD000060,PROMO00060,CUST005,PROD001,NAV2,237,0.8809,208.77,GBP,2024-09-24,INVOICED,2026-05-05T00:00:29.895482
ORD000061,PROMO00061,CUST004,PROD006,NAV1,123,3.7053,455.75,GBP,2024-11-16,INVOICED,2026-05-05T00:00:29.895487
ORD000062,PROMO00062,CUST012,PROD015,CLOUDSUITE,398,0.4679,186.22,GBP,2024-06-19,INVOICED,2026-05-05T00:00:29.895492
ORD000063,PROMO00063,CUST003,PROD004,CLOUDSUITE,358,3.4549,1236.85,GBP,2024-12-15,INVOICED,2026-05-05T00:00:29.895497
ORD000064,PROMO00064,CUST010,PROD005,NAV2,108,3.0321,327.47,GBP,2024-06-05,INVOICED,2026-05-05T00:00:29.895501
ORD000065,PROMO00065,CUST010,PROD011,NAV2,427,1.3195,563.43,GBP,2024-08-19,INVOICED,2026-05-05T00:00:29.895506
ORD000066,PROMO00066,CUST012,PROD003,CLOUDSUITE,330,0.7536,248.69,GBP,2024-02-20,INVOICED,2026-05-05T00:00:29.895511
ORD000067,PROMO00067,CUST011,PROD005,NAV1,423,3.1588,1336.17,GBP,2024-03-18,INVOICED,2026-05-05T00:00:29.895516
ORD000068,PROMO00068,CUST010,PROD014,NAV2,129,3.4161,440.68,GBP,2024-08-04,INVOICED,2026-05-05T00:00:29.895521
ORD000069,PROMO00069,CUST008,PROD007,TROPOS,195,0.8922,173.98,GBP,2025-01-20,INVOICED,2026-05-05T00:00:29.895526
ORD000070,PROMO00070,CUST007,PROD004,M3_V133,153,3.6501,558.47,GBP,2024-08-29,INVOICED,2026-05-05T00:00:29.895531
ORD000071,PROMO00071,CUST008,PROD003,TROPOS,473,1.8084,855.37,GBP,2024-10-18,INVOICED,2026-05-05T00:00:29.895535
ORD000072,PROMO00072,CUST010,PROD014,NAV2,117,3.4582,404.61,GBP,2024-08-07,INVOICED,2026-05-05T00:00:29.895540
ORD000073,PROMO00073,CUST003,PROD012,CLOUDSUITE,110,3.4919,384.11,GBP,2024-05-16,INVOICED,2026-05-05T00:00:29.895545
ORD000074,PROMO00074,CUST005,PROD013,NAV2,66,1.5016,99.11,GBP,2024-11-19,INVOICED,2026-05-05T00:00:29.895550
ORD000075,PROMO00075,CUST012,PROD005,CLOUDSUITE,301,3.1518,948.69,GBP,2024-06-17,INVOICED,2026-05-05T00:00:29.895558
ORD000076,PROMO00076,CUST004,PROD007,NAV1,262,0.8031,210.41,GBP,2024-02-04,INVOICED,2026-05-05T00:00:29.895563
ORD000077,PROMO00077,CUST008,PROD007,TROPOS,292,0.9281,271.01,GBP,2024-07-20,INVOICED,2026-05-05T00:00:29.895567
ORD000078,PROMO00078,CUST010,PROD007,NAV2,347,0.8461,293.6,GBP,2024-06-06,INVOICED,2026-05-05T00:00:29.895572
ORD000079,PROMO00079,CUST009,PROD012,CLOUDSUITE,354,3.6059,1276.49,GBP,2024-04-27,INVOICED,2026-05-05T00:00:29.895580
ORD000080,PROMO00080,CUST008,PROD001,TROPOS,299,0.9507,284.26,GBP,2025-01-07,INVOICED,2026-05-05T00:00:29.895585
ORD000081,PROMO00081,CUST010,PROD009,NAV2,43,4.7136,202.68,GBP,2024-11-04,INVOICED,2026-05-05T00:00:29.895590
ORD000082,PROMO00082,CUST011,PROD007,NAV1,75,0.9137,68.53,GBP,2024-04-04,INVOICED,2026-05-05T00:00:29.895594
ORD000083,PROMO00083,CUST004,PROD008,NAV1,75,1.3181,98.86,GBP,2024-05-25,INVOICED,2026-05-05T00:00:29.895602
ORD000084,PROMO00084,CUST005,PROD014,NAV2,487,4.0051,1950.48,GBP,2025-01-23,INVOICED,2026-05-05T00:00:29.895607
ORD000085,PROMO00085,CUST004,PROD011,NAV1,448,1.3951,625.0,GBP,2025-01-23,INVOICED,2026-05-05T00:00:29.895613
ORD000086,PROMO00086,CUST001,PROD010,NAV1,461,1.3701,631.62,GBP,2024-09-04,INVOICED,2026-05-05T00:00:29.895617
ORD000087,PROMO00087,CUST008,PROD012,TROPOS,383,4.0356,1545.63,GBP,2024-03-29,INVOICED,2026-05-05T00:00:29.895622
ORD000088,PROMO00088,CUST003,PROD005,CLOUDSUITE,108,3.2401,349.93,GBP,2024-06-09,INVOICED,2026-05-05T00:00:29.895627
ORD000089,PROMO00089,CUST007,PROD012,M3_V133,364,4.0872,1487.74,GBP,2024-12-24,INVOICED,2026-05-05T00:00:29.895639
ORD000090,PROMO00090,CUST012,PROD013,CLOUDSUITE,324,1.6815,544.81,GBP,2025-02-19,INVOICED,2026-05-05T00:00:29.895644
ORD000091,PROMO00091,CUST001,PROD006,NAV1,358,3.6186,1295.46,GBP,2024-02-10,INVOICED,2026-05-05T00:00:29.895649
ORD000092,PROMO00092,CUST007,PROD014,M3_V133,462,3.6551,1688.66,GBP,2024-07-08,INVOICED,2026-05-05T00:00:29.895653
ORD000093,PROMO00093,CUST012,PROD003,CLOUDSUITE,11,1.976,21.74,GBP,2024-12-03,INVOICED,2026-05-05T00:00:29.895658
ORD000094,PROMO00094,CUST008,PROD008,TROPOS,338,1.2857,434.57,GBP,2024-05-18,INVOICED,2026-05-05T00:00:29.895663
ORD000095,PROMO00095,CUST005,PROD015,NAV2,447,1.2467,557.27,GBP,2024-10-21,INVOICED,2026-05-05T00:00:29.895668
ORD000096,PROMO00096,CUST001,PROD008,NAV1,231,1.1619,268.4,GBP,2024-09-10,INVOICED,2026-05-05T00:00:29.895676
ORD000097,PROMO00097,CUST006,PROD005,M3_V133,150,2.7009,405.13,GBP,2024-10-12,INVOICED,2026-05-05T00:00:29.895681
ORD000098,PROMO00098,CUST002,PROD004,NAV2,358,3.2159,1151.29,GBP,2024-10-16,INVOICED,2026-05-05T00:00:29.895686
ORD000099,PROMO00099,CUST011,PROD012,NAV1,248,3.8246,948.5,GBP,2024-02-21,INVOICED,2026-05-05T00:00:29.895691
ORD000100,PROMO00100,CUST005,PROD011,NAV2,195,1.2422,242.23,GBP,2024-10-15,INVOICED,2026-05-05T00:00:29.895695
ORD000101,PROMO00101,CUST006,PROD006,M3_V133,398,3.4723,1381.98,GBP,2024-06-06,INVOICED,2026-05-05T00:00:29.895700
ORD000102,PROMO00102,CUST006,PROD002,M3_V133,462,0.8735,403.56,GBP,2024-04-10,INVOICED,2026-05-05T00:00:29.895705
ORD000103,PROMO00103,CUST012,PROD010,CLOUDSUITE,34,1.1245,38.23,GBP,2024-11-04,INVOICED,2026-05-05T00:00:29.895710
ORD000104,PROMO00104,CUST005,PROD004,NAV2,480,3.5024,1681.15,GBP,2024-01-12,INVOICED,2026-05-05T00:00:29.895714
ORD000105,PROMO00105,CUST001,PROD001,NAV1,282,0.9148,257.97,GBP,2024-11-26,INVOICED,2026-05-05T00:00:29.895719
ORD000106,PROMO00106,CUST001,PROD010,NAV1,171,1.3307,227.55,GBP,2024-08-14,INVOICED,2026-05-05T00:00:29.895724
ORD000107,PROMO00107,CUST005,PROD014,NAV2,210,3.6658,769.82,GBP,2024-07-26,INVOICED,2026-05-05T00:00:29.895729
ORD000108,PROMO00108,CUST011,PROD001,NAV1,181,1.0025,181.45,GBP,2024-06-05,INVOICED,2026-05-05T00:00:29.895733
ORD000109,PROMO00109,CUST009,PROD013,CLOUDSUITE,460,1.6383,753.62,GBP,2025-02-13,INVOICED,2026-05-05T00:00:29.895738
ORD000110,PROMO00110,CUST007,PROD008,M3_V133,423,1.1448,484.25,GBP,2024-10-29,INVOICED,2026-05-05T00:00:29.895743
ORD000111,PROMO00111,CUST001,PROD010,NAV1,387,1.1294,437.08,GBP,2025-01-27,INVOICED,2026-05-05T00:00:29.895748
ORD000112,PROMO00112,CUST011,PROD002,NAV1,363,1.0013,363.47,GBP,2024-10-13,INVOICED,2026-05-05T00:00:29.895753
ORD000113,PROMO00113,CUST008,PROD012,TROPOS,500,3.7321,1866.05,GBP,2024-01-18,INVOICED,2026-05-05T00:00:29.895758
ORD000114,PROMO00114,CUST012,PROD014,CLOUDSUITE,479,3.686,1765.59,GBP,2024-05-17,INVOICED,2026-05-05T00:00:29.895762
ORD000115,PROMO00115,CUST011,PROD013,NAV1,110,1.4426,158.69,GBP,2024-03-01,INVOICED,2026-05-05T00:00:29.895767
ORD000116,PROMO00116,CUST005,PROD014,NAV2,178,3.9537,703.76,GBP,2024-03-28,INVOICED,2026-05-05T00:00:29.895772
ORD000117,PROMO00117,CUST005,PROD008,NAV2,42,1.3784,57.89,GBP,2024-12-25,INVOICED,2026-05-05T00:00:29.895779
ORD000118,PROMO00118,CUST009,PROD008,CLOUDSUITE,24,1.285,30.84,GBP,2024-01-25,INVOICED,2026-05-05T00:00:29.895784
ORD000119,PROMO00119,CUST005,PROD001,NAV2,231,1.0156,234.6,GBP,2024-10-28,INVOICED,2026-05-05T00:00:29.895789
ORD000120,PROMO00120,CUST005,PROD010,NAV2,313,1.4036,439.33,GBP,2024-08-31,INVOICED,2026-05-05T00:00:29.895794
ORD000121,PROMO00121,CUST003,PROD010,CLOUDSUITE,440,1.2856,565.66,GBP,2024-02-19,INVOICED,2026-05-05T00:00:29.895799
ORD000122,PROMO00122,CUST006,PROD011,M3_V133,136,1.3844,188.28,GBP,2024-06-18,INVOICED,2026-05-05T00:00:29.895804
ORD000123,PROMO00123,CUST011,PROD007,NAV1,252,0.7794,196.41,GBP,2024-01-21,INVOICED,2026-05-05T00:00:29.895808
ORD000124,PROMO00124,CUST006,PROD002,M3_V133,500,0.824,412.0,GBP,2024-09-23,INVOICED,2026-05-05T00:00:29.895813
ORD000125,PROMO00125,CUST009,PROD008,CLOUDSUITE,436,1.2924,563.49,GBP,2024-09-23,INVOICED,2026-05-05T00:00:29.895818
ORD000126,PROMO00126,CUST011,PROD008,NAV1,430,1.189,511.27,GBP,2024-05-19,INVOICED,2026-05-05T00:00:29.895823
ORD000127,PROMO00127,CUST008,PROD015,TROPOS,276,1.1749,324.27,GBP,2024-01-17,INVOICED,2026-05-05T00:00:29.895828
ORD000128,PROMO00128,CUST012,PROD003,CLOUDSUITE,493,2.0331,1002.32,GBP,2024-10-10,INVOICED,2026-05-05T00:00:29.895832
ORD000129,PROMO00129,CUST008,PROD002,TROPOS,407,0.8943,363.98,GBP,2024-09-17,INVOICED,2026-05-05T00:00:29.895837
ORD000130,PROMO00130,CUST007,PROD014,M3_V133,327,3.6615,1197.31,GBP,2024-05-08,INVOICED,2026-05-05T00:00:29.895845
ORD000131,PROMO00131,CUST004,PROD015,NAV1,401,1.2036,482.64,GBP,2024-02-06,INVOICED,2026-05-05T00:00:29.895927
ORD000132,PROMO00132,CUST006,PROD015,M3_V133,330,1.1491,379.2,GBP,2025-02-28,INVOICED,2026-05-05T00:00:29.895936
ORD000133,PROMO00133,CUST010,PROD010,NAV2,306,1.1178,342.05,GBP,2024-03-18,INVOICED,2026-05-05T00:00:29.895941
ORD000134,PROMO00134,CUST006,PROD009,M3_V133,53,3.979,210.89,GBP,2024-08-22,INVOICED,2026-05-05T00:00:29.895946
ORD000135,PROMO00135,CUST010,PROD007,NAV2,479,0.8943,428.37,GBP,2024-01-24,INVOICED,2026-05-05T00:00:29.895951
ORD000136,PROMO00136,CUST007,PROD011,M3_V133,203,1.1793,239.4,GBP,2024-09-13,INVOICED,2026-05-05T00:00:29.895956
ORD000137,PROMO00137,CUST006,PROD014,M3_V133,465,3.9893,1855.02,GBP,2024-02-22,INVOICED,2026-05-05T00:00:29.895961
ORD000138,PROMO00138,CUST012,PROD003,CLOUDSUITE,410,1.9877,814.96,GBP,2024-02-10,INVOICED,2026-05-05T00:00:29.895968
ORD000139,PROMO00139,CUST006,PROD010,M3_V133,41,1.2091,49.57,GBP,2024-06-21,INVOICED,2026-05-05T00:00:29.895973
ORD000140,PROMO00140,CUST007,PROD006,M3_V133,38,3.5375,134.43,GBP,2024-10-07,INVOICED,2026-05-05T00:00:29.895978
ORD000141,PROMO00141,CUST011,PROD011,NAV1,322,1.141,367.4,GBP,2025-01-21,INVOICED,2026-05-05T00:00:29.895983
ORD000142,PROMO00142,CUST011,PROD012,NAV1,43,3.482,149.73,GBP,2024-03-27,INVOICED,2026-05-05T00:00:29.895988
ORD000143,PROMO00143,CUST001,PROD006,NAV1,356,3.3925,1207.73,GBP,2024-07-03,INVOICED,2026-05-05T00:00:29.895992
ORD000144,PROMO00144,CUST009,PROD007,CLOUDSUITE,296,0.8284,245.21,GBP,2024-03-29,INVOICED,2026-05-05T00:00:29.895997
ORD000145,PROMO00145,CUST010,PROD011,NAV2,160,1.3437,214.99,GBP,2024-03-18,INVOICED,2026-05-05T00:00:29.896002
ORD000146,PROMO00146,CUST008,PROD005,TROPOS,215,2.8499,612.73,GBP,2024-05-28,INVOICED,2026-05-05T00:00:29.896007
ORD000147,PROMO00147,CUST008,PROD006,TROPOS,326,3.2282,1052.39,GBP,2024-11-27,INVOICED,2026-05-05T00:00:29.896011
ORD000148,PROMO00148,CUST005,PROD004,NAV2,129,2.9929,386.08,GBP,2024-02-29,INVOICED,2026-05-05T00:00:29.896016
ORD000149,PROMO00149,CUST010,PROD005,NAV2,413,2.6227,1083.18,GBP,2024-01-17,INVOICED,2026-05-05T00:00:29.896021
ORD000150,PROMO00150,CUST001,PROD010,NAV1,15,1.1577,17.37,GBP,2024-11-10,INVOICED,2026-05-05T00:00:29.896026
ORD000151,PROMO00151,CUST004,PROD010,NAV1,206,1.1765,242.36,GBP,2024-11-25,INVOICED,2026-05-05T00:00:29.896030
ORD000152,PROMO00152,CUST012,PROD013,CLOUDSUITE,417,1.5464,644.85,GBP,2024-11-21,INVOICED,2026-05-05T00:00:29.896035
ORD000153,PROMO00153,CUST001,PROD005,NAV1,460,2.7651,1271.95,GBP,2024-10-28,INVOICED,2026-05-05T00:00:29.896040
ORD000154,PROMO00154,CUST005,PROD006,NAV2,327,3.4341,1122.95,GBP,2024-04-13,INVOICED,2026-05-05T00:00:29.896045
ORD000155,PROMO00155,CUST009,PROD009,CLOUDSUITE,183,3.8288,700.67,GBP,2024-05-12,INVOICED,2026-05-05T00:00:29.896050
ORD000156,PROMO00156,CUST012,PROD014,CLOUDSUITE,242,3.7851,915.99,GBP,2024-09-01,INVOICED,2026-05-05T00:00:29.896054
ORD000157,PROMO00157,CUST011,PROD012,NAV1,178,3.6598,651.44,GBP,2025-02-20,INVOICED,2026-05-05T00:00:29.896059
ORD000158,PROMO00158,CUST001,PROD005,NAV1,108,2.941,317.63,GBP,2024-07-08,INVOICED,2026-05-05T00:00:29.896064
ORD000159,PROMO00159,CUST010,PROD007,NAV2,62,0.7776,48.21,GBP,2024-02-26,INVOICED,2026-05-05T00:00:29.896069
ORD000160,PROMO00160,CUST010,PROD015,NAV2,314,1.104,346.66,GBP,2024-11-09,INVOICED,2026-05-05T00:00:29.896076
ORD000161,PROMO00161,CUST008,PROD015,TROPOS,313,1.1742,367.52,GBP,2024-03-02,INVOICED,2026-05-05T00:00:29.896081
ORD000162,PROMO00162,CUST005,PROD008,NAV2,473,1.3809,653.17,GBP,2024-10-07,INVOICED,2026-05-05T00:00:29.896086
ORD000163,PROMO00163,CUST011,PROD012,NAV1,74,3.64,269.36,GBP,2024-08-07,INVOICED,2026-05-05T00:00:29.896091
ORD000164,PROMO00164,CUST007,PROD011,M3_V133,141,1.386,195.43,GBP,2024-11-14,INVOICED,2026-05-05T00:00:29.896096
ORD000165,PROMO00165,CUST001,PROD012,NAV1,225,3.9328,884.88,GBP,2024-08-19,INVOICED,2026-05-05T00:00:29.896100
ORD000166,PROMO00166,CUST011,PROD006,NAV1,381,3.6083,1374.76,GBP,2024-02-06,INVOICED,2026-05-05T00:00:29.896105
ORD000167,PROMO00167,CUST008,PROD002,TROPOS,237,0.891,211.17,GBP,2024-01-13,INVOICED,2026-05-05T00:00:29.896110
ORD000168,PROMO00168,CUST003,PROD013,CLOUDSUITE,134,1.5821,212.0,GBP,2025-03-02,INVOICED,2026-05-05T00:00:29.896115
ORD000169,PROMO00169,CUST004,PROD014,NAV1,418,3.3295,1391.73,GBP,2025-02-01,INVOICED,2026-05-05T00:00:29.896120
ORD000170,PROMO00170,CUST001,PROD005,NAV1,40,2.7163,108.65,GBP,2024-03-09,INVOICED,2026-05-05T00:00:29.896124
ORD000171,PROMO00171,CUST002,PROD011,NAV2,169,1.1573,195.58,GBP,2024-01-13,INVOICED,2026-05-05T00:00:29.896129
ORD000172,PROMO00172,CUST010,PROD006,NAV2,233,4.0618,946.4,GBP,2024-02-01,INVOICED,2026-05-05T00:00:29.896134
ORD000173,PROMO00173,CUST002,PROD012,NAV2,343,4.2085,1443.52,GBP,2025-02-05,INVOICED,2026-05-05T00:00:29.896139
ORD000174,PROMO00174,CUST008,PROD009,TROPOS,169,4.5194,763.78,GBP,2025-01-12,INVOICED,2026-05-05T00:00:29.896146
ORD000175,PROMO00175,CUST009,PROD005,CLOUDSUITE,463,2.9958,1387.06,GBP,2024-02-06,INVOICED,2026-05-05T00:00:29.896151
ORD000176,PROMO00176,CUST011,PROD002,NAV1,407,0.9286,377.94,GBP,2024-02-09,INVOICED,2026-05-05T00:00:29.896156
ORD000177,PROMO00177,CUST002,PROD003,NAV2,85,2.0495,174.21,GBP,2024-10-11,INVOICED,2026-05-05T00:00:29.896161
ORD000178,PROMO00178,CUST009,PROD005,CLOUDSUITE,168,2.999,503.83,GBP,2024-02-25,INVOICED,2026-05-05T00:00:29.896166
ORD000179,PROMO00179,CUST011,PROD015,NAV1,185,0.3187,58.96,GBP,2024-08-11,INVOICED,2026-05-05T00:00:29.896170
ORD000180,PROMO00180,CUST006,PROD014,M3_V133,198,3.6864,729.91,GBP,2025-01-09,INVOICED,2026-05-05T00:00:29.896175
ORD000181,PROMO00181,CUST011,PROD005,NAV1,275,3.0541,839.88,GBP,2024-12-22,INVOICED,2026-05-05T00:00:29.896186
ORD000182,PROMO00182,CUST002,PROD007,NAV2,346,0.9214,318.8,GBP,2025-02-21,INVOICED,2026-05-05T00:00:29.896191
ORD000183,PROMO00183,CUST009,PROD009,CLOUDSUITE,39,4.4117,172.06,GBP,2024-07-31,INVOICED,2026-05-05T00:00:29.896198
ORD000184,PROMO00184,CUST012,PROD001,CLOUDSUITE,269,0.8244,221.76,GBP,2024-06-13,INVOICED,2026-05-05T00:00:29.896203
ORD000185,PROMO00185,CUST004,PROD003,NAV1,449,1.8748,841.79,GBP,2024-02-26,INVOICED,2026-05-05T00:00:29.896208
ORD000186,PROMO00186,CUST002,PROD013,NAV2,226,1.6902,381.99,GBP,2025-02-20,INVOICED,2026-05-05T00:00:29.896213
ORD000187,PROMO00187,CUST010,PROD011,NAV2,110,1.224,134.64,GBP,2024-11-09,INVOICED,2026-05-05T00:00:29.896217
ORD000188,PROMO00188,CUST001,PROD003,NAV1,337,2.0502,690.92,GBP,2024-06-24,INVOICED,2026-05-05T00:00:29.896234
ORD000189,PROMO00189,CUST010,PROD011,NAV2,412,1.296,533.95,GBP,2025-01-15,INVOICED,2026-05-05T00:00:29.896239
ORD000190,PROMO00190,CUST012,PROD009,CLOUDSUITE,184,4.5259,832.77,GBP,2024-08-22,INVOICED,2026-05-05T00:00:29.896250
ORD000191,PROMO00191,CUST012,PROD006,CLOUDSUITE,351,3.4088,1196.49,GBP,2024-11-05,INVOICED,2026-05-05T00:00:29.896255
ORD000192,PROMO00192,CUST003,PROD013,CLOUDSUITE,365,0.4375,159.69,GBP,2024-08-18,INVOICED,2026-05-05T00:00:29.896260
ORD000193,PROMO00193,CUST008,PROD007,TROPOS,317,0.8864,280.99,GBP,2024-03-02,INVOICED,2026-05-05T00:00:29.896265
ORD000194,PROMO00194,CUST011,PROD011,NAV1,446,1.2388,552.5,GBP,2024-12-12,INVOICED,2026-05-05T00:00:29.896269
ORD000195,PROMO00195,CUST010,PROD001,NAV2,299,1.0339,309.14,GBP,2024-04-21,INVOICED,2026-05-05T00:00:29.896274
ORD000196,PROMO00196,CUST005,PROD006,NAV2,325,3.9725,1291.06,GBP,2025-01-20,INVOICED,2026-05-05T00:00:29.896279
ORD000197,PROMO00197,CUST009,PROD012,CLOUDSUITE,224,4.059,909.22,GBP,2024-12-11,INVOICED,2026-05-05T00:00:29.896283
ORD000198,PROMO00198,CUST012,PROD001,CLOUDSUITE,93,0.9405,87.47,GBP,2024-02-10,INVOICED,2026-05-05T00:00:29.896288
ORD000199,PROMO00199,CUST010,PROD007,NAV2,242,0.8,193.6,GBP,2024-05-29,INVOICED,2026-05-05T00:00:29.896293
ORD000200,PROMO00200,CUST003,PROD013,CLOUDSUITE,263,1.4373,378.01,GBP,2024-12-21,INVOICED,2026-05-05T00:00:29.896298
ORD000201,PROMO00201,CUST004,PROD007,NAV1,481,0.8239,396.3,GBP,2024-02-11,INVOICED,2026-05-05T00:00:29.896303
ORD000202,PROMO00202,CUST004,PROD006,NAV1,337,3.4071,1148.19,GBP,2024-09-20,INVOICED,2026-05-05T00:00:29.896311
ORD000203,PROMO00203,CUST004,PROD015,NAV1,364,1.1525,419.51,GBP,2025-01-09,INVOICED,2026-05-05T00:00:29.896316
ORD000204,PROMO00204,CUST004,PROD002,NAV1,248,1.0036,248.89,GBP,2024-04-03,INVOICED,2026-05-05T00:00:29.896321
ORD000205,PROMO00205,CUST002,PROD003,NAV2,119,1.7397,207.02,GBP,2024-08-27,INVOICED,2026-05-05T00:00:29.896326
ORD000206,PROMO00206,CUST008,PROD011,TROPOS,256,1.1401,291.87,GBP,2024-11-28,INVOICED,2026-05-05T00:00:29.896331
ORD000207,PROMO00207,CUST011,PROD006,NAV1,423,3.9459,1669.12,GBP,2024-09-01,INVOICED,2026-05-05T00:00:29.896336
ORD000208,PROMO00208,CUST010,PROD001,NAV2,115,0.9588,110.26,GBP,2024-06-11,INVOICED,2026-05-05T00:00:29.896341
ORD000209,PROMO00209,CUST006,PROD014,M3_V133,104,3.8293,398.25,GBP,2024-11-11,INVOICED,2026-05-05T00:00:29.896345
ORD000210,PROMO00210,CUST010,PROD009,NAV2,195,1.0743,209.49,GBP,2024-08-19,INVOICED,2026-05-05T00:00:29.896350
ORD000211,PROMO00211,CUST006,PROD010,M3_V133,47,1.2738,59.87,GBP,2024-02-04,INVOICED,2026-05-05T00:00:29.896355
ORD000212,PROMO00212,CUST012,PROD002,CLOUDSUITE,25,0.9255,23.14,GBP,2024-01-26,INVOICED,2026-05-05T00:00:29.896360
ORD000213,PROMO00213,CUST009,PROD009,CLOUDSUITE,68,4.1317,280.96,GBP,2024-07-11,INVOICED,2026-05-05T00:00:29.896364
ORD000214,PROMO00214,CUST011,PROD010,NAV1,158,1.3999,221.18,GBP,2024-02-07,INVOICED,2026-05-05T00:00:29.896369
ORD000215,PROMO00215,CUST007,PROD005,M3_V133,109,3.1396,342.22,GBP,2024-03-22,INVOICED,2026-05-05T00:00:29.896374
ORD000216,PROMO00216,CUST003,PROD015,CLOUDSUITE,477,1.276,608.65,GBP,2024-03-10,INVOICED,2026-05-05T00:00:29.896381
ORD000217,PROMO00217,CUST005,PROD009,NAV2,32,4.3648,139.67,GBP,2025-02-21,INVOICED,2026-05-05T00:00:29.896386
ORD000218,PROMO00218,CUST009,PROD002,CLOUDSUITE,111,0.8947,99.31,GBP,2024-09-19,INVOICED,2026-05-05T00:00:29.896391
ORD000219,PROMO00219,CUST003,PROD004,CLOUDSUITE,155,3.518,545.29,GBP,2024-04-10,INVOICED,2026-05-05T00:00:29.896396
ORD000220,PROMO00220,CUST002,PROD005,NAV2,122,2.726,332.57,GBP,2024-09-19,INVOICED,2026-05-05T00:00:29.896400
ORD000221,PROMO00221,CUST001,PROD011,NAV1,378,1.3151,497.11,GBP,2024-11-03,INVOICED,2026-05-05T00:00:29.896405
ORD000222,PROMO00222,CUST012,PROD013,CLOUDSUITE,183,1.5594,285.37,GBP,2025-01-09,INVOICED,2026-05-05T00:00:29.896410
ORD000223,PROMO00223,CUST011,PROD012,NAV1,135,4.0522,547.05,GBP,2024-11-10,INVOICED,2026-05-05T00:00:29.896417
ORD000224,PROMO00224,CUST004,PROD009,NAV1,110,4.502,495.22,GBP,2024-04-10,INVOICED,2026-05-05T00:00:29.896422
ORD000225,PROMO00225,CUST008,PROD008,TROPOS,100,1.1862,118.62,GBP,2024-09-17,INVOICED,2026-05-05T00:00:29.896427
ORD000226,PROMO00226,CUST004,PROD013,NAV1,476,1.567,745.89,GBP,2024-01-28,INVOICED,2026-05-05T00:00:29.896431
ORD000227,PROMO00227,CUST009,PROD015,CLOUDSUITE,20,1.3478,26.96,GBP,2024-03-06,INVOICED,2026-05-05T00:00:29.896436
ORD000228,PROMO00228,CUST005,PROD008,NAV2,204,1.1457,233.72,GBP,2024-08-12,INVOICED,2026-05-05T00:00:29.896441
ORD000229,PROMO00229,CUST008,PROD015,TROPOS,183,0.5703,104.36,GBP,2024-07-23,INVOICED,2026-05-05T00:00:29.896446
ORD000230,PROMO00230,CUST002,PROD006,NAV2,166,3.8829,644.56,GBP,2024-02-24,INVOICED,2026-05-05T00:00:29.896450
ORD000231,PROMO00231,CUST003,PROD003,CLOUDSUITE,132,2.1579,284.84,GBP,2024-12-25,INVOICED,2026-05-05T00:00:29.896455
ORD000232,PROMO00232,CUST008,PROD010,TROPOS,424,1.4139,599.49,GBP,2024-01-13,INVOICED,2026-05-05T00:00:29.896460
ORD000233,PROMO00233,CUST009,PROD012,CLOUDSUITE,348,3.7186,1294.07,GBP,2024-02-28,INVOICED,2026-05-05T00:00:29.896468
ORD000234,PROMO00234,CUST002,PROD001,NAV2,491,0.9835,482.9,GBP,2024-02-07,INVOICED,2026-05-05T00:00:29.896474
ORD000235,PROMO00235,CUST010,PROD009,NAV2,419,4.724,1979.36,GBP,2024-10-26,INVOICED,2026-05-05T00:00:29.896478
ORD000236,PROMO00236,CUST007,PROD001,M3_V133,461,0.9014,415.55,GBP,2024-10-23,INVOICED,2026-05-05T00:00:29.896486
ORD000237,PROMO00237,CUST002,PROD009,NAV2,459,3.7679,1729.47,GBP,2024-09-27,INVOICED,2026-05-05T00:00:29.896491
ORD000238,PROMO00238,CUST009,PROD001,CLOUDSUITE,70,0.9504,66.53,GBP,2024-01-25,INVOICED,2026-05-05T00:00:29.896496
ORD000239,PROMO00239,CUST005,PROD012,NAV2,461,4.2511,1959.76,GBP,2024-06-27,INVOICED,2026-05-05T00:00:29.896500
ORD000240,PROMO00240,CUST002,PROD013,NAV2,416,1.5755,655.41,GBP,2024-03-11,INVOICED,2026-05-05T00:00:29.896505
ORD000241,PROMO00241,CUST011,PROD003,NAV1,108,1.7951,193.87,GBP,2024-12-27,INVOICED,2026-05-05T00:00:29.896510
ORD000242,PROMO00242,CUST002,PROD012,NAV2,203,3.5687,724.45,GBP,2024-01-22,INVOICED,2026-05-05T00:00:29.896515
ORD000243,PROMO00243,CUST001,PROD006,NAV1,172,3.2746,563.23,GBP,2024-07-27,INVOICED,2026-05-05T00:00:29.896520
ORD000244,PROMO00244,CUST001,PROD013,NAV1,229,1.5509,355.16,GBP,2024-07-03,INVOICED,2026-05-05T00:00:29.896525
ORD000245,PROMO00245,CUST006,PROD005,M3_V133,481,3.2286,1552.96,GBP,2024-08-12,INVOICED,2026-05-05T00:00:29.896532
ORD000246,PROMO00246,CUST006,PROD003,M3_V133,400,1.9483,779.32,GBP,2024-07-12,INVOICED,2026-05-05T00:00:29.896537
ORD000247,PROMO00247,CUST012,PROD007,CLOUDSUITE,310,0.9249,286.72,GBP,2025-02-27,INVOICED,2026-05-05T00:00:29.896542
ORD000248,PROMO00248,CUST002,PROD002,NAV2,447,0.964,430.91,GBP,2024-06-10,INVOICED,2026-05-05T00:00:29.896547
ORD000249,PROMO00249,CUST003,PROD012,CLOUDSUITE,160,3.8668,618.69,GBP,2024-01-24,INVOICED,2026-05-05T00:00:29.896552
ORD000250,PROMO00250,CUST010,PROD007,NAV2,177,0.8861,156.84,GBP,2024-02-10,INVOICED,2026-05-05T00:00:29.896556
ORD000251,PROMO00251,CUST009,PROD013,CLOUDSUITE,37,1.512,55.94,GBP,2024-01-19,INVOICED,2026-05-05T00:00:29.896561
ORD000252,PROMO00252,CUST008,PROD001,TROPOS,456,1.008,459.65,GBP,2025-02-04,INVOICED,2026-05-05T00:00:29.896566
ORD000253,PROMO00253,CUST010,PROD001,NAV2,445,0.9036,402.1,GBP,2024-07-13,INVOICED,2026-05-05T00:00:29.896571
ORD000254,PROMO00254,CUST010,PROD003,NAV2,309,1.933,597.3,GBP,2024-06-13,INVOICED,2026-05-05T00:00:29.896576
ORD000255,PROMO00255,CUST001,PROD012,NAV1,117,4.0985,479.52,GBP,2024-07-18,INVOICED,2026-05-05T00:00:29.896581
ORD000256,PROMO00256,CUST012,PROD008,CLOUDSUITE,411,1.3516,555.51,GBP,2024-12-25,INVOICED,2026-05-05T00:00:29.896586
ORD000257,PROMO00257,CUST002,PROD008,NAV2,414,1.3641,564.74,GBP,2024-02-19,INVOICED,2026-05-05T00:00:29.896591
ORD000258,PROMO00258,CUST011,PROD006,NAV1,43,3.4667,149.07,GBP,2024-10-06,INVOICED,2026-05-05T00:00:29.896596
ORD000259,PROMO00259,CUST012,PROD012,CLOUDSUITE,270,3.4326,926.8,GBP,2025-02-14,INVOICED,2026-05-05T00:00:29.896604
ORD000260,PROMO00260,CUST004,PROD013,NAV1,394,1.743,686.74,GBP,2024-01-19,INVOICED,2026-05-05T00:00:29.896609
ORD000261,PROMO00261,CUST008,PROD013,TROPOS,201,1.4239,286.2,GBP,2024-11-13,INVOICED,2026-05-05T00:00:29.896614
ORD000262,PROMO00262,CUST012,PROD012,CLOUDSUITE,275,3.8358,1054.85,GBP,2025-02-01,INVOICED,2026-05-05T00:00:29.896619
ORD000263,PROMO00263,CUST003,PROD006,CLOUDSUITE,101,3.5242,355.94,GBP,2024-08-29,INVOICED,2026-05-05T00:00:29.896624
ORD000264,PROMO00264,CUST009,PROD011,CLOUDSUITE,374,1.2403,463.87,GBP,2024-08-12,INVOICED,2026-05-05T00:00:29.896629
ORD000265,PROMO00265,CUST002,PROD009,NAV2,279,4.5878,1280.0,GBP,2024-03-27,INVOICED,2026-05-05T00:00:29.896633
ORD000266,PROMO00266,CUST006,PROD009,M3_V133,376,3.8473,1446.58,GBP,2024-05-12,INVOICED,2026-05-05T00:00:29.896641
ORD000267,PROMO00267,CUST005,PROD003,NAV2,252,1.8892,476.08,GBP,2024-02-20,INVOICED,2026-05-05T00:00:29.896646
ORD000268,PROMO00268,CUST010,PROD003,NAV2,307,2.0972,643.84,GBP,2024-10-19,INVOICED,2026-05-05T00:00:29.896651
ORD000269,PROMO00269,CUST002,PROD001,NAV2,336,0.8287,278.44,GBP,2024-05-20,INVOICED,2026-05-05T00:00:29.896656
ORD000270,PROMO00270,CUST007,PROD010,M3_V133,342,1.2251,418.98,GBP,2024-11-18,INVOICED,2026-05-05T00:00:29.896660
ORD000271,PROMO00271,CUST008,PROD004,TROPOS,116,3.1485,365.23,GBP,2024-06-03,INVOICED,2026-05-05T00:00:29.896665
ORD000272,PROMO00272,CUST003,PROD008,CLOUDSUITE,468,1.2917,604.52,GBP,2024-04-16,INVOICED,2026-05-05T00:00:29.896670
ORD000273,PROMO00273,CUST012,PROD006,CLOUDSUITE,241,3.4457,830.41,GBP,2024-07-25,INVOICED,2026-05-05T00:00:29.896675
ORD000274,PROMO00274,CUST009,PROD002,CLOUDSUITE,212,0.966,204.79,GBP,2024-03-05,INVOICED,2026-05-05T00:00:29.896680
ORD000275,PROMO00275,CUST002,PROD001,NAV2,166,0.9723,161.4,GBP,2024-11-15,INVOICED,2026-05-05T00:00:29.896684
ORD000276,PROMO00276,CUST006,PROD015,M3_V133,465,1.21,562.65,GBP,2024-04-11,INVOICED,2026-05-05T00:00:29.896689
ORD000277,PROMO00277,CUST008,PROD008,TROPOS,302,1.1536,348.39,GBP,2024-01-14,INVOICED,2026-05-05T00:00:29.896694
ORD000278,PROMO00278,CUST008,PROD004,TROPOS,488,3.6189,1766.02,GBP,2024-01-28,INVOICED,2026-05-05T00:00:29.896699
ORD000279,PROMO00279,CUST011,PROD011,NAV1,140,1.2753,178.54,GBP,2024-01-10,INVOICED,2026-05-05T00:00:29.896704
ORD000280,PROMO00280,CUST005,PROD012,NAV2,53,3.9368,208.65,GBP,2024-07-08,INVOICED,2026-05-05T00:00:29.896708
ORD000281,PROMO00281,CUST009,PROD004,CLOUDSUITE,394,3.5012,1379.47,GBP,2024-02-08,INVOICED,2026-05-05T00:00:29.896713
ORD000282,PROMO00282,CUST005,PROD014,NAV2,161,3.2269,519.53,GBP,2024-03-10,INVOICED,2026-05-05T00:00:29.896718
ORD000283,PROMO00283,CUST009,PROD006,CLOUDSUITE,275,3.4277,942.62,GBP,2024-11-07,INVOICED,2026-05-05T00:00:29.896725
ORD000284,PROMO00284,CUST001,PROD001,NAV1,127,1.0056,127.71,GBP,2025-02-20,INVOICED,2026-05-05T00:00:29.896730
ORD000285,PROMO00285,CUST010,PROD015,NAV2,31,1.228,38.07,GBP,2024-11-13,INVOICED,2026-05-05T00:00:29.896736
ORD000286,PROMO00286,CUST012,PROD014,CLOUDSUITE,272,1.3552,368.61,GBP,2024-10-04,INVOICED,2026-05-05T00:00:29.896744
ORD000287,PROMO00287,CUST008,PROD014,TROPOS,182,4.0613,739.16,GBP,2024-12-14,INVOICED,2026-05-05T00:00:29.896751
ORD000288,PROMO00288,CUST005,PROD013,NAV2,240,1.4557,349.37,GBP,2024-11-05,INVOICED,2026-05-05T00:00:29.896756
ORD000289,PROMO00289,CUST010,PROD010,NAV2,231,1.3477,311.32,GBP,2024-10-29,INVOICED,2026-05-05T00:00:29.896761
ORD000290,PROMO00290,CUST012,PROD010,CLOUDSUITE,198,1.1847,234.57,GBP,2024-03-20,INVOICED,2026-05-05T00:00:29.896766
ORD000291,PROMO00291,CUST010,PROD012,NAV2,172,4.1667,716.67,GBP,2024-08-16,INVOICED,2026-05-05T00:00:29.896770
ORD000292,PROMO00292,CUST012,PROD004,CLOUDSUITE,205,3.4629,709.89,GBP,2025-01-12,INVOICED,2026-05-05T00:00:29.896775
ORD000293,PROMO00293,CUST009,PROD004,CLOUDSUITE,101,3.3428,337.62,GBP,2024-09-30,INVOICED,2026-05-05T00:00:29.896780
ORD000294,PROMO00294,CUST008,PROD015,TROPOS,129,1.2229,157.75,GBP,2024-07-03,INVOICED,2026-05-05T00:00:29.896784
ORD000295,PROMO00295,CUST011,PROD013,NAV1,340,1.5334,521.36,GBP,2024-04-09,INVOICED,2026-05-05T00:00:29.896789
ORD000296,PROMO00296,CUST004,PROD005,NAV1,193,2.7773,536.02,GBP,2024-12-20,INVOICED,2026-05-05T00:00:29.896794
ORD000297,PROMO00297,CUST006,PROD009,M3_V133,160,3.8089,609.42,GBP,2024-06-01,INVOICED,2026-05-05T00:00:29.896799
ORD000298,PROMO00298,CUST007,PROD015,M3_V133,272,1.0933,297.38,GBP,2025-02-04,INVOICED,2026-05-05T00:00:29.896804
ORD000299,PROMO00299,CUST005,PROD012,NAV2,339,4.1946,1421.97,GBP,2024-12-02,INVOICED,2026-05-05T00:00:29.896808
ORD000300,PROMO00300,CUST004,PROD014,NAV1,412,3.6135,1488.76,GBP,2024-12-25,INVOICED,2026-05-05T00:00:29.896813
ORD000301,PROMO00301,CUST012,PROD010,CLOUDSUITE,484,1.3441,650.54,GBP,2024-12-10,INVOICED,2026-05-05T00:00:29.896818
ORD000302,PROMO00302,CUST001,PROD002,NAV1,60,0.9454,56.72,GBP,2024-02-22,INVOICED,2026-05-05T00:00:29.896826
ORD000303,PROMO00303,CUST009,PROD015,CLOUDSUITE,46,1.3317,61.26,GBP,2024-09-04,INVOICED,2026-05-05T00:00:29.896831
ORD000304,PROMO00304,CUST006,PROD005,M3_V133,29,2.8646,83.07,GBP,2024-12-04,INVOICED,2026-05-05T00:00:29.896836
ORD000305,PROMO00305,CUST003,PROD007,CLOUDSUITE,112,0.7659,85.78,GBP,2024-01-22,INVOICED,2026-05-05T00:00:29.896840
ORD000306,PROMO00306,CUST003,PROD015,CLOUDSUITE,110,1.1603,127.63,GBP,2024-01-23,INVOICED,2026-05-05T00:00:29.896845
ORD000307,PROMO00307,CUST002,PROD015,NAV2,138,1.0924,150.75,GBP,2024-08-23,INVOICED,2026-05-05T00:00:29.896850
ORD000308,PROMO00308,CUST003,PROD014,CLOUDSUITE,391,3.6431,1424.45,GBP,2024-04-11,INVOICED,2026-05-05T00:00:29.896858
ORD000309,PROMO00309,CUST012,PROD008,CLOUDSUITE,107,1.2222,130.78,GBP,2024-01-13,INVOICED,2026-05-05T00:00:29.896864
ORD000310,PROMO00310,CUST010,PROD011,NAV2,80,1.1898,95.18,GBP,2024-11-13,INVOICED,2026-05-05T00:00:29.896869
ORD000311,PROMO00311,CUST007,PROD009,M3_V133,477,4.4132,2105.1,GBP,2024-12-11,INVOICED,2026-05-05T00:00:29.896874
ORD000312,PROMO00312,CUST008,PROD006,TROPOS,14,3.2724,45.81,GBP,2024-05-16,INVOICED,2026-05-05T00:00:29.896878
ORD000313,PROMO00313,CUST006,PROD005,M3_V133,154,2.9089,447.97,GBP,2024-01-09,INVOICED,2026-05-05T00:00:29.896883
ORD000314,PROMO00314,CUST001,PROD011,NAV1,410,1.3803,565.92,GBP,2024-03-26,INVOICED,2026-05-05T00:00:29.896888
ORD000315,PROMO00315,CUST012,PROD002,CLOUDSUITE,494,0.8963,442.77,GBP,2024-07-11,INVOICED,2026-05-05T00:00:29.896893
ORD000316,PROMO00316,CUST008,PROD003,TROPOS,430,1.9671,845.85,GBP,2024-08-05,INVOICED,2026-05-05T00:00:29.896897
ORD000317,PROMO00317,CUST009,PROD013,CLOUDSUITE,397,1.5445,613.17,GBP,2025-01-26,INVOICED,2026-05-05T00:00:29.896902
ORD000318,PROMO00318,CUST002,PROD009,NAV2,251,4.2949,1078.02,GBP,2024-02-14,INVOICED,2026-05-05T00:00:29.896907
ORD000319,PROMO00319,CUST009,PROD004,CLOUDSUITE,399,3.3336,1330.11,GBP,2024-03-27,INVOICED,2026-05-05T00:00:29.896912
ORD000320,PROMO00320,CUST002,PROD011,NAV2,453,1.3543,613.5,GBP,2024-09-11,INVOICED,2026-05-05T00:00:29.896916
ORD000321,PROMO00321,CUST001,PROD008,NAV1,126,1.3762,173.4,GBP,2024-08-23,INVOICED,2026-05-05T00:00:29.896921
ORD000322,PROMO00322,CUST011,PROD013,NAV1,380,1.6791,638.06,GBP,2024-07-23,INVOICED,2026-05-05T00:00:29.896926
ORD000323,PROMO00323,CUST010,PROD002,NAV2,252,1.0256,258.45,GBP,2024-12-26,INVOICED,2026-05-05T00:00:29.896931
ORD000324,PROMO00324,CUST002,PROD015,NAV2,274,1.2406,339.92,GBP,2024-08-02,INVOICED,2026-05-05T00:00:29.896935
ORD000325,PROMO00325,CUST012,PROD011,CLOUDSUITE,412,1.1282,464.82,GBP,2024-07-19,INVOICED,2026-05-05T00:00:29.896940
ORD000326,PROMO00326,CUST007,PROD002,M3_V133,397,0.8867,352.02,GBP,2024-03-13,INVOICED,2026-05-05T00:00:29.896945
ORD000327,PROMO00327,CUST003,PROD009,CLOUDSUITE,379,4.3483,1648.01,GBP,2025-01-11,INVOICED,2026-05-05T00:00:29.896949
ORD000328,PROMO00328,CUST005,PROD008,NAV2,184,1.2148,223.52,GBP,2024-08-06,INVOICED,2026-05-05T00:00:29.896954
ORD000329,PROMO00329,CUST004,PROD008,NAV1,170,1.3124,223.11,GBP,2024-04-08,INVOICED,2026-05-05T00:00:29.896959
ORD000330,PROMO00330,CUST011,PROD007,NAV1,229,0.8187,187.48,GBP,2024-05-07,INVOICED,2026-05-05T00:00:29.896967
ORD000331,PROMO00331,CUST001,PROD008,NAV1,117,1.2373,144.76,GBP,2024-05-09,INVOICED,2026-05-05T00:00:29.896972
ORD000332,PROMO00332,CUST004,PROD009,NAV1,240,4.5234,1085.62,GBP,2024-03-17,INVOICED,2026-05-05T00:00:29.896977
ORD000333,PROMO00333,CUST012,PROD010,CLOUDSUITE,25,1.3204,33.01,GBP,2025-02-02,INVOICED,2026-05-05T00:00:29.896982
ORD000334,PROMO00334,CUST005,PROD015,NAV2,81,1.3359,108.21,GBP,2024-04-28,INVOICED,2026-05-05T00:00:29.896989
ORD000335,PROMO00335,CUST009,PROD010,CLOUDSUITE,457,1.1534,527.1,GBP,2024-11-18,INVOICED,2026-05-05T00:00:29.896994
ORD000336,PROMO00336,CUST001,PROD006,NAV1,166,3.2677,542.44,GBP,2025-02-07,INVOICED,2026-05-05T00:00:29.896999
ORD000337,PROMO00337,CUST007,PROD003,M3_V133,265,2.0381,540.1,GBP,2025-01-24,INVOICED,2026-05-05T00:00:29.897004
ORD000338,PROMO00338,CUST005,PROD014,NAV2,183,3.4685,634.74,GBP,2024-02-01,INVOICED,2026-05-05T00:00:29.897011
ORD000339,PROMO00339,CUST009,PROD009,CLOUDSUITE,224,4.6068,1031.92,GBP,2024-05-14,INVOICED,2026-05-05T00:00:29.897016
ORD000340,PROMO00340,CUST008,PROD014,TROPOS,361,3.7572,1356.35,GBP,2025-01-09,INVOICED,2026-05-05T00:00:29.897021
ORD000341,PROMO00341,CUST007,PROD011,M3_V133,400,1.2352,494.08,GBP,2024-02-12,INVOICED,2026-05-05T00:00:29.897026
ORD000342,PROMO00342,CUST012,PROD011,CLOUDSUITE,163,1.2489,203.57,GBP,2024-04-19,INVOICED,2026-05-05T00:00:29.897030
ORD000343,PROMO00343,CUST001,PROD004,NAV1,310,3.0428,943.27,GBP,2025-01-18,INVOICED,2026-05-05T00:00:29.897035
ORD000344,PROMO00344,CUST012,PROD010,CLOUDSUITE,300,1.2057,361.71,GBP,2024-05-03,INVOICED,2026-05-05T00:00:29.897043
ORD000345,PROMO00345,CUST007,PROD008,M3_V133,482,1.2565,605.63,GBP,2024-06-08,INVOICED,2026-05-05T00:00:29.897048
ORD000346,PROMO00346,CUST008,PROD002,TROPOS,88,0.8604,75.72,GBP,2025-01-27,INVOICED,2026-05-05T00:00:29.897053
ORD000347,PROMO00347,CUST006,PROD006,M3_V133,300,3.7203,1116.09,GBP,2024-04-28,INVOICED,2026-05-05T00:00:29.897057
ORD000348,PROMO00348,CUST009,PROD015,CLOUDSUITE,477,1.2081,576.26,GBP,2024-06-05,INVOICED,2026-05-05T00:00:29.897062
ORD000349,PROMO00349,CUST007,PROD010,M3_V133,303,1.1671,353.63,GBP,2024-10-12,INVOICED,2026-05-05T00:00:29.897067
ORD000350,PROMO00350,CUST005,PROD013,NAV2,205,1.485,304.43,GBP,2024-08-25,INVOICED,2026-05-05T00:00:29.897072
ORD000351,PROMO00351,CUST003,PROD003,CLOUDSUITE,495,1.8455,913.52,GBP,2024-04-08,INVOICED,2026-05-05T00:00:29.897079
ORD000352,PROMO00352,CUST009,PROD001,CLOUDSUITE,42,0.8526,35.81,GBP,2025-02-27,INVOICED,2026-05-05T00:00:29.897084
ORD000353,PROMO00353,CUST007,PROD003,M3_V133,207,1.7896,370.45,GBP,2024-02-06,INVOICED,2026-05-05T00:00:29.897089
ORD000354,PROMO00354,CUST009,PROD008,CLOUDSUITE,253,1.3043,329.99,GBP,2024-12-04,INVOICED,2026-05-05T00:00:29.897094
ORD000355,PROMO00355,CUST009,PROD007,CLOUDSUITE,178,0.9381,166.98,GBP,2025-01-09,INVOICED,2026-05-05T00:00:29.897099
ORD000356,PROMO00356,CUST001,PROD009,NAV1,241,3.9291,946.91,GBP,2025-02-19,INVOICED,2026-05-05T00:00:29.897104
ORD000357,PROMO00357,CUST009,PROD003,CLOUDSUITE,57,2.0651,117.71,GBP,2024-05-11,INVOICED,2026-05-05T00:00:29.897109
ORD000358,PROMO00358,CUST002,PROD006,NAV2,63,3.2522,204.89,GBP,2024-10-21,INVOICED,2026-05-05T00:00:29.897114
ORD000359,PROMO00359,CUST005,PROD011,NAV2,100,1.1688,116.88,GBP,2024-12-01,INVOICED,2026-05-05T00:00:29.897118
ORD000360,PROMO00360,CUST002,PROD007,NAV2,433,0.8654,374.72,GBP,2024-09-05,INVOICED,2026-05-05T00:00:29.897123
ORD000361,PROMO00361,CUST002,PROD008,NAV2,260,1.1635,302.51,GBP,2024-10-17,INVOICED,2026-05-05T00:00:29.897128
ORD000362,PROMO00362,CUST001,PROD004,NAV1,105,3.6217,380.28,GBP,2024-09-02,INVOICED,2026-05-05T00:00:29.897133
ORD000363,PROMO00363,CUST011,PROD015,NAV1,45,1.2962,58.33,GBP,2024-10-19,INVOICED,2026-05-05T00:00:29.897143
ORD000364,PROMO00364,CUST001,PROD004,NAV1,155,3.3221,514.93,GBP,2024-02-11,INVOICED,2026-05-05T00:00:29.897148
ORD000365,PROMO00365,CUST010,PROD014,NAV2,129,3.3466,431.71,GBP,2024-06-21,INVOICED,2026-05-05T00:00:29.897153
ORD000366,PROMO00366,CUST012,PROD012,CLOUDSUITE,347,4.195,1455.67,GBP,2024-02-02,INVOICED,2026-05-05T00:00:29.897158
ORD000367,PROMO00367,CUST006,PROD010,M3_V133,45,1.1863,53.38,GBP,2024-07-26,INVOICED,2026-05-05T00:00:29.897163
ORD000368,PROMO00368,CUST005,PROD013,NAV2,39,1.4203,55.39,GBP,2024-04-29,INVOICED,2026-05-05T00:00:29.897168
ORD000369,PROMO00369,CUST007,PROD003,M3_V133,275,1.8643,512.68,GBP,2024-02-14,INVOICED,2026-05-05T00:00:29.897172
ORD000370,PROMO00370,CUST012,PROD002,CLOUDSUITE,97,1.0176,98.71,GBP,2024-07-16,INVOICED,2026-05-05T00:00:29.897177
ORD000371,PROMO00371,CUST012,PROD007,CLOUDSUITE,450,0.8778,395.01,GBP,2024-02-20,INVOICED,2026-05-05T00:00:29.897182
ORD000372,PROMO00372,CUST006,PROD013,M3_V133,210,1.6934,355.61,GBP,2024-02-16,INVOICED,2026-05-05T00:00:29.897189
ORD000373,PROMO00373,CUST009,PROD009,CLOUDSUITE,66,4.3333,286.0,GBP,2024-02-17,INVOICED,2026-05-05T00:00:29.897195
ORD000374,PROMO00374,CUST010,PROD013,NAV2,284,1.6728,475.08,GBP,2024-01-11,INVOICED,2026-05-05T00:00:29.897199
ORD000375,PROMO00375,CUST012,PROD015,CLOUDSUITE,254,1.2152,308.66,GBP,2024-10-20,INVOICED,2026-05-05T00:00:29.897204
ORD000376,PROMO00376,CUST003,PROD003,CLOUDSUITE,209,2.0523,428.93,GBP,2024-09-11,INVOICED,2026-05-05T00:00:29.897209
ORD000377,PROMO00377,CUST005,PROD007,NAV2,76,0.8811,66.96,GBP,2024-07-05,INVOICED,2026-05-05T00:00:29.897214
ORD000378,PROMO00378,CUST008,PROD010,TROPOS,168,1.2318,206.94,GBP,2024-02-28,INVOICED,2026-05-05T00:00:29.897218
ORD000379,PROMO00379,CUST006,PROD014,M3_V133,428,3.5435,1516.62,GBP,2024-08-17,INVOICED,2026-05-05T00:00:29.897233
ORD000380,PROMO00380,CUST010,PROD003,NAV2,91,2.0379,185.45,GBP,2024-12-26,INVOICED,2026-05-05T00:00:29.897238
ORD000381,PROMO00381,CUST007,PROD006,M3_V133,304,3.8254,1162.92,GBP,2024-10-24,INVOICED,2026-05-05T00:00:29.897247
ORD000382,PROMO00382,CUST005,PROD014,NAV2,310,3.4011,1054.34,GBP,2024-03-01,INVOICED,2026-05-05T00:00:29.897252
ORD000383,PROMO00383,CUST003,PROD011,CLOUDSUITE,267,1.1868,316.88,GBP,2025-01-11,INVOICED,2026-05-05T00:00:29.897257
ORD000384,PROMO00384,CUST008,PROD013,TROPOS,151,1.6853,254.48,GBP,2025-02-25,INVOICED,2026-05-05T00:00:29.897262
ORD000385,PROMO00385,CUST011,PROD008,NAV1,13,1.3741,17.86,GBP,2024-05-05,INVOICED,2026-05-05T00:00:29.897270
ORD000386,PROMO00386,CUST007,PROD002,M3_V133,238,0.9376,223.15,GBP,2024-09-03,INVOICED,2026-05-05T00:00:29.897278
ORD000387,PROMO00387,CUST012,PROD007,CLOUDSUITE,432,0.8329,359.81,GBP,2024-12-29,INVOICED,2026-05-05T00:00:29.897283
ORD000388,PROMO00388,CUST002,PROD002,NAV2,319,0.8679,276.86,GBP,2024-03-28,INVOICED,2026-05-05T00:00:29.897288
ORD000389,PROMO00389,CUST011,PROD011,NAV1,279,1.2228,341.16,GBP,2025-02-14,INVOICED,2026-05-05T00:00:29.897293
ORD000390,PROMO00390,CUST005,PROD004,NAV2,476,3.3831,1610.36,GBP,2024-10-17,INVOICED,2026-05-05T00:00:29.897300
ORD000391,PROMO00391,CUST008,PROD006,TROPOS,460,3.74,1720.4,GBP,2024-12-23,INVOICED,2026-05-05T00:00:29.897305
ORD000392,PROMO00392,CUST008,PROD002,TROPOS,245,0.9711,237.92,GBP,2024-03-04,INVOICED,2026-05-05T00:00:29.897310
ORD000393,PROMO00393,CUST006,PROD005,M3_V133,304,3.0761,935.13,GBP,2024-09-24,INVOICED,2026-05-05T00:00:29.897317
ORD000394,PROMO00394,CUST008,PROD012,TROPOS,387,3.6396,1408.53,GBP,2024-02-05,INVOICED,2026-05-05T00:00:29.897322
ORD000395,PROMO00395,CUST001,PROD014,NAV1,157,3.7812,593.65,GBP,2024-12-16,INVOICED,2026-05-05T00:00:29.897327
ORD000396,PROMO00396,CUST009,PROD003,CLOUDSUITE,187,1.9227,359.54,GBP,2024-10-16,INVOICED,2026-05-05T00:00:29.897332
ORD000397,PROMO00397,CUST007,PROD011,M3_V133,210,1.3605,285.7,GBP,2024-07-26,INVOICED,2026-05-05T00:00:29.897337
ORD000398,PROMO00398,CUST008,PROD010,TROPOS,431,1.2875,554.91,GBP,2024-12-28,INVOICED,2026-05-05T00:00:29.897342
ORD000399,PROMO00399,CUST010,PROD002,NAV2,222,0.8612,191.19,GBP,2024-04-07,INVOICED,2026-05-05T00:00:29.897347
ORD000400,PROMO00400,CUST002,PROD005,NAV2,101,2.8475,287.6,GBP,2024-10-02,INVOICED,2026-05-05T00:00:29.897352
ORD000401,PROMO00401,CUST010,PROD007,NAV2,385,0.8243,317.36,GBP,2024-07-03,INVOICED,2026-05-05T00:00:29.897356
ORD000402,PROMO00402,CUST011,PROD012,NAV1,244,3.5467,865.39,GBP,2024-02-17,INVOICED,2026-05-05T00:00:29.897361
ORD000403,PROMO00403,CUST004,PROD005,NAV1,476,3.2338,1539.29,GBP,2024-12-23,INVOICED,2026-05-05T00:00:29.897366
ORD000404,PROMO00404,CUST010,PROD003,NAV2,367,1.9122,701.78,GBP,2024-04-10,INVOICED,2026-05-05T00:00:29.897371
ORD000405,PROMO00405,CUST003,PROD009,CLOUDSUITE,58,4.5738,265.28,GBP,2024-03-16,INVOICED,2026-05-05T00:00:29.897376
ORD000406,PROMO00406,CUST010,PROD001,NAV2,367,0.8468,310.78,GBP,2024-09-06,INVOICED,2026-05-05T00:00:29.897380
ORD000407,PROMO00407,CUST009,PROD009,CLOUDSUITE,132,4.0888,539.72,GBP,2024-12-18,INVOICED,2026-05-05T00:00:29.897385
ORD000408,PROMO00408,CUST008,PROD003,TROPOS,150,2.1377,320.66,GBP,2025-02-16,INVOICED,2026-05-05T00:00:29.897390
ORD000409,PROMO00409,CUST005,PROD004,NAV2,159,3.3616,534.49,GBP,2025-02-04,INVOICED,2026-05-05T00:00:29.897395
ORD000410,PROMO00410,CUST009,PROD009,CLOUDSUITE,367,4.6277,1698.37,GBP,2024-05-19,INVOICED,2026-05-05T00:00:29.897400
ORD000411,PROMO00411,CUST009,PROD014,CLOUDSUITE,475,3.426,1627.35,GBP,2024-10-10,INVOICED,2026-05-05T00:00:29.897405
ORD000412,PROMO00412,CUST012,PROD014,CLOUDSUITE,220,3.5148,773.26,GBP,2024-06-06,INVOICED,2026-05-05T00:00:29.897409
ORD000413,PROMO00413,CUST005,PROD006,NAV2,72,3.3359,240.18,GBP,2024-08-15,INVOICED,2026-05-05T00:00:29.897414
ORD000414,PROMO00414,CUST004,PROD013,NAV1,49,1.5167,74.32,GBP,2024-12-30,INVOICED,2026-05-05T00:00:29.897419
ORD000415,PROMO00415,CUST010,PROD003,NAV2,268,1.816,486.69,GBP,2025-02-19,INVOICED,2026-05-05T00:00:29.897426
ORD000416,PROMO00416,CUST005,PROD010,NAV2,219,1.2549,274.82,GBP,2024-12-30,INVOICED,2026-05-05T00:00:29.897431
ORD000417,PROMO00417,CUST009,PROD015,CLOUDSUITE,94,1.1804,110.96,GBP,2024-03-13,INVOICED,2026-05-05T00:00:29.897436
ORD000418,PROMO00418,CUST005,PROD014,NAV2,116,3.5127,407.47,GBP,2024-05-12,INVOICED,2026-05-05T00:00:29.897441
ORD000419,PROMO00419,CUST011,PROD007,NAV1,32,0.8436,27.0,GBP,2024-11-23,INVOICED,2026-05-05T00:00:29.897445
ORD000420,PROMO00420,CUST008,PROD002,TROPOS,23,0.8974,20.64,GBP,2024-07-26,INVOICED,2026-05-05T00:00:29.897450
ORD000421,PROMO00421,CUST008,PROD008,TROPOS,337,1.3179,444.13,GBP,2025-02-04,INVOICED,2026-05-05T00:00:29.897455
ORD000422,PROMO00422,CUST011,PROD011,NAV1,205,1.2076,247.56,GBP,2025-02-14,INVOICED,2026-05-05T00:00:29.897460
ORD000423,PROMO00423,CUST004,PROD008,NAV1,391,1.3355,522.18,GBP,2024-06-25,INVOICED,2026-05-05T00:00:29.897465
ORD000424,PROMO00424,CUST008,PROD013,TROPOS,448,1.6657,746.23,GBP,2024-01-26,INVOICED,2026-05-05T00:00:29.897469
ORD000425,PROMO00425,CUST001,PROD002,NAV1,213,0.8329,177.41,GBP,2024-08-14,INVOICED,2026-05-05T00:00:29.897474
ORD000426,PROMO00426,CUST004,PROD012,NAV1,15,3.4488,51.73,GBP,2024-03-25,INVOICED,2026-05-05T00:00:29.897479
ORD000427,PROMO00427,CUST002,PROD011,NAV2,68,1.3081,88.95,GBP,2024-07-11,INVOICED,2026-05-05T00:00:29.897484
ORD000428,PROMO00428,CUST001,PROD007,NAV1,177,0.8167,144.56,GBP,2024-08-11,INVOICED,2026-05-05T00:00:29.897489
ORD000429,PROMO00429,CUST001,PROD004,NAV1,258,3.4099,879.75,GBP,2024-11-03,INVOICED,2026-05-05T00:00:29.897496
ORD000430,PROMO00430,CUST001,PROD001,NAV1,44,0.8839,38.89,GBP,2024-08-05,INVOICED,2026-05-05T00:00:29.897501
ORD000431,PROMO00431,CUST004,PROD007,NAV1,290,0.9228,267.61,GBP,2024-02-24,INVOICED,2026-05-05T00:00:29.897506
ORD000432,PROMO00432,CUST003,PROD007,CLOUDSUITE,375,0.7873,295.24,GBP,2024-11-28,INVOICED,2026-05-05T00:00:29.897511
ORD000433,PROMO00433,CUST010,PROD001,NAV2,81,0.9024,73.09,GBP,2024-08-17,INVOICED,2026-05-05T00:00:29.897515
ORD000434,PROMO00434,CUST012,PROD003,CLOUDSUITE,430,1.7541,754.26,GBP,2024-04-24,INVOICED,2026-05-05T00:00:29.897520
ORD000435,PROMO00435,CUST002,PROD010,NAV2,440,1.198,527.12,GBP,2024-08-09,INVOICED,2026-05-05T00:00:29.897525
ORD000436,PROMO00436,CUST005,PROD011,NAV2,97,1.3905,134.88,GBP,2024-11-04,INVOICED,2026-05-05T00:00:29.897533
ORD000437,PROMO00437,CUST012,PROD001,CLOUDSUITE,320,0.8506,272.19,GBP,2024-04-16,INVOICED,2026-05-05T00:00:29.897541
ORD000438,PROMO00438,CUST012,PROD007,CLOUDSUITE,100,0.882,88.2,GBP,2025-02-08,INVOICED,2026-05-05T00:00:29.897546
ORD000439,PROMO00439,CUST007,PROD002,M3_V133,73,0.983,71.76,GBP,2024-02-11,INVOICED,2026-05-05T00:00:29.897551
ORD000440,PROMO00440,CUST006,PROD015,M3_V133,389,1.2857,500.14,GBP,2024-10-22,INVOICED,2026-05-05T00:00:29.897555
ORD000441,PROMO00441,CUST003,PROD013,CLOUDSUITE,96,1.6175,155.28,GBP,2024-01-10,INVOICED,2026-05-05T00:00:29.897560
ORD000442,PROMO00442,CUST004,PROD001,NAV1,353,0.8344,294.54,GBP,2024-09-17,INVOICED,2026-05-05T00:00:29.897565
ORD000443,PROMO00443,CUST007,PROD007,M3_V133,356,0.8015,285.33,GBP,2024-11-26,INVOICED,2026-05-05T00:00:29.897573
ORD000444,PROMO00444,CUST005,PROD002,NAV2,88,0.9679,85.18,GBP,2024-04-18,INVOICED,2026-05-05T00:00:29.897578
ORD000445,PROMO00445,CUST007,PROD010,M3_V133,193,1.2264,236.7,GBP,2024-06-09,INVOICED,2026-05-05T00:00:29.897583
ORD000446,PROMO00446,CUST001,PROD004,NAV1,120,3.7219,446.63,GBP,2024-03-01,INVOICED,2026-05-05T00:00:29.897588
ORD000447,PROMO00447,CUST005,PROD011,NAV2,467,1.1945,557.83,GBP,2024-03-07,INVOICED,2026-05-05T00:00:29.897593
ORD000448,PROMO00448,CUST003,PROD008,CLOUDSUITE,120,0.4011,48.13,GBP,2024-03-30,INVOICED,2026-05-05T00:00:29.897597
ORD000449,PROMO00449,CUST012,PROD015,CLOUDSUITE,366,1.3433,491.65,GBP,2024-06-21,INVOICED,2026-05-05T00:00:29.897602
ORD000450,PROMO00450,CUST002,PROD005,NAV2,438,2.8182,1234.37,GBP,2024-11-22,INVOICED,2026-05-05T00:00:29.897607
ORD000451,PROMO00451,CUST006,PROD001,M3_V133,338,0.9266,313.19,GBP,2024-03-27,INVOICED,2026-05-05T00:00:29.897612
ORD000452,PROMO00452,CUST010,PROD011,NAV2,209,1.2,250.8,GBP,2025-01-17,INVOICED,2026-05-05T00:00:29.897617
ORD000453,PROMO00453,CUST004,PROD001,NAV1,237,0.9326,221.03,GBP,2024-03-18,INVOICED,2026-05-05T00:00:29.897621
ORD000454,PROMO00454,CUST009,PROD013,CLOUDSUITE,316,1.45,458.2,GBP,2024-04-25,INVOICED,2026-05-05T00:00:29.897626
ORD000455,PROMO00455,CUST005,PROD014,NAV2,34,4.0086,136.29,GBP,2024-03-06,INVOICED,2026-05-05T00:00:29.897631
ORD000456,PROMO00456,CUST003,PROD004,CLOUDSUITE,402,3.1485,1265.7,GBP,2024-07-26,INVOICED,2026-05-05T00:00:29.897636
ORD000457,PROMO00457,CUST005,PROD006,NAV2,485,4.0013,1940.63,GBP,2024-01-07,INVOICED,2026-05-05T00:00:29.897643
ORD000458,PROMO00458,CUST005,PROD012,NAV2,201,1.2752,256.32,GBP,2024-09-11,INVOICED,2026-05-05T00:00:29.897648
ORD000459,PROMO00459,CUST004,PROD003,NAV1,112,2.1725,243.32,GBP,2024-01-14,INVOICED,2026-05-05T00:00:29.897653
ORD000460,PROMO00460,CUST012,PROD015,CLOUDSUITE,18,1.3747,24.74,GBP,2024-01-05,INVOICED,2026-05-05T00:00:29.897658
ORD000461,PROMO00461,CUST002,PROD004,NAV2,24,3.3676,80.82,GBP,2024-08-03,INVOICED,2026-05-05T00:00:29.897662
ORD000462,PROMO00462,CUST012,PROD005,CLOUDSUITE,182,3.2506,591.61,GBP,2024-09-25,INVOICED,2026-05-05T00:00:29.897667
ORD000463,PROMO00463,CUST008,PROD012,TROPOS,358,4.1892,1499.73,GBP,2024-09-16,INVOICED,2026-05-05T00:00:29.897672
ORD000464,PROMO00464,CUST002,PROD010,NAV2,122,1.2462,152.04,GBP,2024-12-06,INVOICED,2026-05-05T00:00:29.897677
ORD000465,PROMO00465,CUST006,PROD015,M3_V133,418,1.1452,478.69,GBP,2024-06-13,INVOICED,2026-05-05T00:00:29.897681
ORD000466,PROMO00466,CUST004,PROD003,NAV1,380,1.8183,690.95,GBP,2024-02-27,INVOICED,2026-05-05T00:00:29.897686
ORD000467,PROMO00467,CUST008,PROD006,TROPOS,32,3.7267,119.25,GBP,2024-07-06,INVOICED,2026-05-05T00:00:29.897691
ORD000468,PROMO00468,CUST008,PROD005,TROPOS,272,2.7205,739.98,GBP,2024-03-22,INVOICED,2026-05-05T00:00:29.897696
ORD000469,PROMO00469,CUST001,PROD004,NAV1,427,3.1234,1333.69,GBP,2024-03-19,INVOICED,2026-05-05T00:00:29.897700
ORD000470,PROMO00470,CUST007,PROD009,M3_V133,175,4.6916,821.03,GBP,2024-05-18,INVOICED,2026-05-05T00:00:29.897705
ORD000471,PROMO00471,CUST007,PROD014,M3_V133,330,3.6877,1216.94,GBP,2024-05-09,INVOICED,2026-05-05T00:00:29.897710
ORD000472,PROMO00472,CUST002,PROD001,NAV2,329,1.0221,336.27,GBP,2024-03-09,INVOICED,2026-05-05T00:00:29.897718
ORD000473,PROMO00473,CUST011,PROD011,NAV1,488,1.1361,554.42,GBP,2024-10-30,INVOICED,2026-05-05T00:00:29.897722
ORD000474,PROMO00474,CUST001,PROD002,NAV1,212,0.9923,210.37,GBP,2025-02-22,INVOICED,2026-05-05T00:00:29.897727
ORD000475,PROMO00475,CUST002,PROD001,NAV2,71,0.83,58.93,GBP,2024-03-29,INVOICED,2026-05-05T00:00:29.897732
ORD000476,PROMO00476,CUST008,PROD001,TROPOS,119,0.9521,113.3,GBP,2024-03-30,INVOICED,2026-05-05T00:00:29.897737
ORD000477,PROMO00477,CUST005,PROD005,NAV2,192,1.2662,243.11,GBP,2024-11-30,INVOICED,2026-05-05T00:00:29.897742
ORD000478,PROMO00478,CUST008,PROD001,TROPOS,98,1.0164,99.61,GBP,2024-03-12,INVOICED,2026-05-05T00:00:29.897748
ORD000479,PROMO00479,CUST004,PROD011,NAV1,215,1.1193,240.65,GBP,2025-02-13,INVOICED,2026-05-05T00:00:29.897754
ORD000480,PROMO00480,CUST008,PROD009,TROPOS,16,3.9606,63.37,GBP,2024-10-20,INVOICED,2026-05-05T00:00:29.897758
ORD000481,PROMO00481,CUST003,PROD001,CLOUDSUITE,118,0.966,113.99,GBP,2024-01-20,INVOICED,2026-05-05T00:00:29.897763
ORD000482,PROMO00482,CUST008,PROD009,TROPOS,122,4.3837,534.81,GBP,2024-04-30,INVOICED,2026-05-05T00:00:29.897768
ORD000483,PROMO00483,CUST004,PROD005,NAV1,346,2.9431,1018.31,GBP,2025-01-29,INVOICED,2026-05-05T00:00:29.897773
ORD000484,PROMO00484,CUST006,PROD015,M3_V133,342,1.1342,387.9,GBP,2024-04-05,INVOICED,2026-05-05T00:00:29.897777
ORD000485,PROMO00485,CUST010,PROD001,NAV2,198,0.8821,174.66,GBP,2024-10-18,INVOICED,2026-05-05T00:00:29.897782
ORD000486,PROMO00486,CUST008,PROD009,TROPOS,44,4.4321,195.01,GBP,2024-01-22,INVOICED,2026-05-05T00:00:29.897787
ORD000487,PROMO00487,CUST004,PROD001,NAV1,220,0.9207,202.55,GBP,2024-06-21,INVOICED,2026-05-05T00:00:29.897794
ORD000488,PROMO00488,CUST006,PROD012,M3_V133,402,4.1061,1650.65,GBP,2024-02-05,INVOICED,2026-05-05T00:00:29.897799
ORD000489,PROMO00489,CUST002,PROD014,NAV2,265,3.6238,960.31,GBP,2024-02-08,INVOICED,2026-05-05T00:00:29.897804
ORD000490,PROMO00490,CUST007,PROD010,M3_V133,374,1.3854,518.14,GBP,2024-06-19,INVOICED,2026-05-05T00:00:29.897809
ORD000491,PROMO00491,CUST011,PROD008,NAV1,415,1.2221,507.17,GBP,2025-01-02,INVOICED,2026-05-05T00:00:29.897814
ORD000492,PROMO00492,CUST006,PROD004,M3_V133,97,3.2594,316.16,GBP,2024-07-15,INVOICED,2026-05-05T00:00:29.897819
ORD000493,PROMO00493,CUST003,PROD003,CLOUDSUITE,58,1.8416,106.81,GBP,2024-07-24,INVOICED,2026-05-05T00:00:29.897823
ORD000494,PROMO00494,CUST001,PROD003,NAV1,176,1.8996,334.33,GBP,2024-11-27,INVOICED,2026-05-05T00:00:29.897829
ORD000495,PROMO00495,CUST003,PROD006,CLOUDSUITE,357,3.4359,1226.62,GBP,2024-06-28,INVOICED,2026-05-05T00:00:29.897834
ORD000496,PROMO00496,CUST012,PROD011,CLOUDSUITE,180,1.2251,220.52,GBP,2024-08-18,INVOICED,2026-05-05T00:00:29.897842
ORD000497,PROMO00497,CUST012,PROD002,CLOUDSUITE,335,0.9591,321.3,GBP,2025-01-06,INVOICED,2026-05-05T00:00:29.897848
ORD000498,PROMO00498,CUST012,PROD007,CLOUDSUITE,445,0.7486,333.13,GBP,2024-09-13,INVOICED,2026-05-05T00:00:29.897853
ORD000499,PROMO00499,CUST002,PROD014,NAV2,44,3.6641,161.22,GBP,2024-12-02,INVOICED,2026-05-05T00:00:29.897858
ORD000500,PROMO00500,CUST008,PROD002,TROPOS,19,0.8613,16.36,GBP,2024-06-04,INVOICED,2026-05-05T00:00:29.897865
ORD000501,PROMO00501,CUST002,PROD006,NAV2,476,3.9296,1870.49,GBP,2024-03-28,INVOICED,2026-05-05T00:00:29.897870
ORD000502,PROMO00502,CUST006,PROD010,M3_V133,239,0.2633,62.93,GBP,2024-08-12,INVOICED,2026-05-05T00:00:29.897875
ORD000503,PROMO00503,CUST003,PROD001,CLOUDSUITE,271,1.0134,274.63,GBP,2024-04-09,INVOICED,2026-05-05T00:00:29.897880
ORD000504,PROMO00504,CUST005,PROD011,NAV2,267,1.3316,355.54,GBP,2024-02-24,INVOICED,2026-05-05T00:00:29.897885
ORD000505,PROMO00505,CUST008,PROD003,TROPOS,370,2.1505,795.69,GBP,2024-08-07,INVOICED,2026-05-05T00:00:29.897890
ORD000506,PROMO00506,CUST011,PROD010,NAV1,129,1.2723,164.13,GBP,2024-01-15,INVOICED,2026-05-05T00:00:29.897895
ORD000507,PROMO00507,CUST002,PROD008,NAV2,325,1.164,378.3,GBP,2025-02-06,INVOICED,2026-05-05T00:00:29.897900
ORD000508,PROMO00508,CUST005,PROD002,NAV2,168,0.8955,150.44,GBP,2024-04-06,INVOICED,2026-05-05T00:00:29.897904
ORD000509,PROMO00509,CUST003,PROD008,CLOUDSUITE,387,1.4022,542.65,GBP,2024-08-30,INVOICED,2026-05-05T00:00:29.897909
ORD000510,PROMO00510,CUST010,PROD001,NAV2,397,1.0026,398.03,GBP,2024-02-15,INVOICED,2026-05-05T00:00:29.897914
ORD000511,PROMO00511,CUST007,PROD013,M3_V133,327,1.5727,514.27,GBP,2024-02-02,INVOICED,2026-05-05T00:00:29.897919
ORD000512,PROMO00512,CUST007,PROD009,M3_V133,40,4.0549,162.2,GBP,2024-10-22,INVOICED,2026-05-05T00:00:29.897924
ORD000513,PROMO00513,CUST007,PROD015,M3_V133,201,1.1298,227.09,GBP,2024-09-18,INVOICED,2026-05-05T00:00:29.897928
ORD000514,PROMO00514,CUST011,PROD010,NAV1,161,1.3715,220.81,GBP,2024-03-31,INVOICED,2026-05-05T00:00:29.897936
ORD000515,PROMO00515,CUST003,PROD001,CLOUDSUITE,87,0.9432,82.06,GBP,2024-04-17,INVOICED,2026-05-05T00:00:29.897940
ORD000516,PROMO00516,CUST005,PROD006,NAV2,114,3.2939,375.5,GBP,2024-02-15,INVOICED,2026-05-05T00:00:29.897945
ORD000517,PROMO00517,CUST006,PROD014,M3_V133,131,3.8387,502.87,GBP,2024-01-12,INVOICED,2026-05-05T00:00:29.897950
ORD000518,PROMO00518,CUST009,PROD013,CLOUDSUITE,494,1.6369,808.63,GBP,2024-03-21,INVOICED,2026-05-05T00:00:29.897955
ORD000519,PROMO00519,CUST002,PROD015,NAV2,388,1.3469,522.6,GBP,2025-02-09,INVOICED,2026-05-05T00:00:29.897960
ORD000520,PROMO00520,CUST007,PROD005,M3_V133,78,3.0482,237.76,GBP,2024-10-22,INVOICED,2026-05-05T00:00:29.897965
ORD000521,PROMO00521,CUST005,PROD007,NAV2,172,0.912,156.86,GBP,2024-01-21,INVOICED,2026-05-05T00:00:29.897972
ORD000522,PROMO00522,CUST012,PROD004,CLOUDSUITE,276,3.751,1035.28,GBP,2024-05-21,INVOICED,2026-05-05T00:00:29.897978
ORD000523,PROMO00523,CUST005,PROD005,NAV2,341,2.7271,929.94,GBP,2024-04-29,INVOICED,2026-05-05T00:00:29.897983
ORD000524,PROMO00524,CUST006,PROD005,M3_V133,394,2.8067,1105.84,GBP,2024-04-07,INVOICED,2026-05-05T00:00:29.897987
ORD000525,PROMO00525,CUST012,PROD008,CLOUDSUITE,127,1.1892,151.03,GBP,2025-02-27,INVOICED,2026-05-05T00:00:29.897992
ORD000526,PROMO00526,CUST002,PROD005,NAV2,185,2.8203,521.76,GBP,2024-03-12,INVOICED,2026-05-05T00:00:29.897997
ORD000527,PROMO00527,CUST001,PROD003,NAV1,115,2.0871,240.02,GBP,2024-02-04,INVOICED,2026-05-05T00:00:29.898002
ORD000528,PROMO00528,CUST006,PROD012,M3_V133,37,4.0868,151.21,GBP,2025-02-27,INVOICED,2026-05-05T00:00:29.898007
ORD000529,PROMO00529,CUST002,PROD011,NAV2,420,1.4064,590.69,GBP,2024-09-09,INVOICED,2026-05-05T00:00:29.898011
ORD000530,PROMO00530,CUST010,PROD009,NAV2,321,4.3912,1409.58,GBP,2024-05-16,INVOICED,2026-05-05T00:00:29.898016
ORD000531,PROMO00531,CUST005,PROD001,NAV2,276,0.9512,262.53,GBP,2024-10-22,INVOICED,2026-05-05T00:00:29.898021
ORD000532,PROMO00532,CUST011,PROD004,NAV1,103,3.2499,334.74,GBP,2024-12-03,INVOICED,2026-05-05T00:00:29.898026
ORD000533,PROMO00533,CUST001,PROD008,NAV1,332,1.1439,379.77,GBP,2024-11-04,INVOICED,2026-05-05T00:00:29.898031
ORD000534,PROMO00534,CUST010,PROD013,NAV2,43,1.439,61.88,GBP,2024-08-08,INVOICED,2026-05-05T00:00:29.898035
ORD000535,PROMO00535,CUST005,PROD004,NAV2,45,3.4182,153.82,GBP,2025-02-28,INVOICED,2026-05-05T00:00:29.898040
ORD000536,PROMO00536,CUST001,PROD009,NAV1,36,3.743,134.75,GBP,2024-10-16,INVOICED,2026-05-05T00:00:29.898045
ORD000537,PROMO00537,CUST005,PROD011,NAV2,490,1.3833,677.82,GBP,2024-06-23,INVOICED,2026-05-05T00:00:29.898050
ORD000538,PROMO00538,CUST005,PROD011,NAV2,74,1.2036,89.07,GBP,2024-04-07,INVOICED,2026-05-05T00:00:29.898057
ORD000539,PROMO00539,CUST001,PROD013,NAV1,98,1.4714,144.2,GBP,2024-07-30,INVOICED,2026-05-05T00:00:29.898062
ORD000540,PROMO00540,CUST012,PROD001,CLOUDSUITE,291,0.8926,259.75,GBP,2024-05-14,INVOICED,2026-05-05T00:00:29.898067
ORD000541,PROMO00541,CUST010,PROD012,NAV2,130,3.372,438.36,GBP,2024-06-29,INVOICED,2026-05-05T00:00:29.898072
ORD000542,PROMO00542,CUST009,PROD011,CLOUDSUITE,50,1.1816,59.08,GBP,2024-09-20,INVOICED,2026-05-05T00:00:29.898079
ORD000543,PROMO00543,CUST009,PROD003,CLOUDSUITE,381,2.0408,777.54,GBP,2024-03-10,INVOICED,2026-05-05T00:00:29.898084
ORD000544,PROMO00544,CUST003,PROD011,CLOUDSUITE,169,1.1474,193.91,GBP,2024-04-25,INVOICED,2026-05-05T00:00:29.898089
ORD000545,PROMO00545,CUST007,PROD013,M3_V133,379,1.4602,553.42,GBP,2024-05-15,INVOICED,2026-05-05T00:00:29.898094
ORD000546,PROMO00546,CUST008,PROD001,TROPOS,135,0.8466,114.29,GBP,2024-10-28,INVOICED,2026-05-05T00:00:29.898098
ORD000547,PROMO00547,CUST009,PROD002,CLOUDSUITE,100,0.8464,84.64,GBP,2024-10-03,INVOICED,2026-05-05T00:00:29.898103
ORD000548,PROMO00548,CUST003,PROD004,CLOUDSUITE,137,3.5172,481.86,GBP,2024-08-25,INVOICED,2026-05-05T00:00:29.898110
ORD000549,PROMO00549,CUST002,PROD008,NAV2,156,1.3164,205.36,GBP,2024-06-14,INVOICED,2026-05-05T00:00:29.898115
ORD000550,PROMO00550,CUST005,PROD004,NAV2,239,3.1832,760.78,GBP,2024-10-24,INVOICED,2026-05-05T00:00:29.898120
ORD000551,PROMO00551,CUST003,PROD010,CLOUDSUITE,149,1.2863,191.66,GBP,2024-07-29,INVOICED,2026-05-05T00:00:29.898125
ORD000552,PROMO00552,CUST001,PROD001,NAV1,50,0.9191,45.95,GBP,2024-01-11,INVOICED,2026-05-05T00:00:29.898130
ORD000553,PROMO00553,CUST004,PROD001,NAV1,213,0.888,189.14,GBP,2024-04-29,INVOICED,2026-05-05T00:00:29.898134
ORD000554,PROMO00554,CUST003,PROD002,CLOUDSUITE,95,0.9519,90.43,GBP,2024-06-09,INVOICED,2026-05-05T00:00:29.898139
ORD000555,PROMO00555,CUST005,PROD005,NAV2,235,2.9972,704.34,GBP,2024-11-05,INVOICED,2026-05-05T00:00:29.898144
ORD000556,PROMO00556,CUST003,PROD006,CLOUDSUITE,268,3.2209,863.2,GBP,2024-07-07,INVOICED,2026-05-05T00:00:29.898151
ORD000557,PROMO00557,CUST001,PROD004,NAV1,386,3.6113,1393.96,GBP,2024-04-22,INVOICED,2026-05-05T00:00:29.898156
ORD000558,PROMO00558,CUST003,PROD002,CLOUDSUITE,399,0.9556,381.28,GBP,2024-07-13,INVOICED,2026-05-05T00:00:29.898161
ORD000559,PROMO00559,CUST010,PROD001,NAV2,429,0.906,388.67,GBP,2024-12-08,INVOICED,2026-05-05T00:00:29.898166
ORD000560,PROMO00560,CUST001,PROD012,NAV1,20,4.1613,83.23,GBP,2024-07-17,INVOICED,2026-05-05T00:00:29.898171
ORD000561,PROMO00561,CUST012,PROD003,CLOUDSUITE,228,2.0814,474.56,GBP,2024-06-04,INVOICED,2026-05-05T00:00:29.898175
ORD000562,PROMO00562,CUST009,PROD005,CLOUDSUITE,398,2.8806,1146.48,GBP,2024-08-05,INVOICED,2026-05-05T00:00:29.898180
ORD000563,PROMO00563,CUST012,PROD010,CLOUDSUITE,314,1.3805,433.48,GBP,2025-02-10,INVOICED,2026-05-05T00:00:29.898187
ORD000564,PROMO00564,CUST004,PROD013,NAV1,88,0.5088,44.77,GBP,2024-07-07,INVOICED,2026-05-05T00:00:29.898192
ORD000565,PROMO00565,CUST001,PROD009,NAV1,382,4.245,1621.59,GBP,2024-12-20,INVOICED,2026-05-05T00:00:29.898197
ORD000566,PROMO00566,CUST001,PROD011,NAV1,141,1.389,195.85,GBP,2024-10-24,INVOICED,2026-05-05T00:00:29.898202
ORD000567,PROMO00567,CUST009,PROD002,CLOUDSUITE,247,0.8778,216.82,GBP,2024-05-14,INVOICED,2026-05-05T00:00:29.898207
ORD000568,PROMO00568,CUST005,PROD008,NAV2,242,1.4006,338.95,GBP,2024-01-24,INVOICED,2026-05-05T00:00:29.898211
ORD000569,PROMO00569,CUST006,PROD007,M3_V133,202,0.7943,160.45,GBP,2025-01-28,INVOICED,2026-05-05T00:00:29.898216
ORD000570,PROMO00570,CUST011,PROD011,NAV1,320,1.3647,436.7,GBP,2024-08-16,INVOICED,2026-05-05T00:00:29.898221
ORD000571,PROMO00571,CUST006,PROD014,M3_V133,46,3.7816,173.95,GBP,2024-07-27,INVOICED,2026-05-05T00:00:29.898236
ORD000572,PROMO00572,CUST007,PROD012,M3_V133,79,3.5018,276.64,GBP,2024-12-02,INVOICED,2026-05-05T00:00:29.898241
ORD000573,PROMO00573,CUST012,PROD012,CLOUDSUITE,110,4.213,463.43,GBP,2024-02-25,INVOICED,2026-05-05T00:00:29.898249
ORD000574,PROMO00574,CUST010,PROD011,NAV2,479,1.285,615.51,GBP,2025-02-04,INVOICED,2026-05-05T00:00:29.898254
ORD000575,PROMO00575,CUST012,PROD015,CLOUDSUITE,12,1.3397,16.08,GBP,2024-02-28,INVOICED,2026-05-05T00:00:29.898259
ORD000576,PROMO00576,CUST005,PROD011,NAV2,451,1.3219,596.18,GBP,2025-02-01,INVOICED,2026-05-05T00:00:29.898264
ORD000577,PROMO00577,CUST004,PROD011,NAV1,383,1.1553,442.48,GBP,2024-09-27,INVOICED,2026-05-05T00:00:29.898269
ORD000578,PROMO00578,CUST007,PROD011,M3_V133,261,1.199,312.94,GBP,2024-06-30,INVOICED,2026-05-05T00:00:29.898274
ORD000579,PROMO00579,CUST003,PROD014,CLOUDSUITE,483,3.3664,1625.97,GBP,2024-01-10,INVOICED,2026-05-05T00:00:29.898279
ORD000580,PROMO00580,CUST008,PROD014,TROPOS,491,3.6499,1792.1,GBP,2024-02-12,INVOICED,2026-05-05T00:00:29.898283
ORD000581,PROMO00581,CUST006,PROD005,M3_V133,390,3.2803,1279.32,GBP,2024-10-11,INVOICED,2026-05-05T00:00:29.898288
ORD000582,PROMO00582,CUST002,PROD008,NAV2,206,1.2832,264.34,GBP,2024-08-21,INVOICED,2026-05-05T00:00:29.898293
ORD000583,PROMO00583,CUST006,PROD002,M3_V133,167,0.8218,137.24,GBP,2024-02-27,INVOICED,2026-05-05T00:00:29.898298
ORD000584,PROMO00584,CUST009,PROD001,CLOUDSUITE,46,0.8554,39.35,GBP,2024-11-16,INVOICED,2026-05-05T00:00:29.898303
ORD000585,PROMO00585,CUST009,PROD004,CLOUDSUITE,463,3.2682,1513.18,GBP,2024-06-24,INVOICED,2026-05-05T00:00:29.898311
ORD000586,PROMO00586,CUST008,PROD006,TROPOS,481,3.595,1729.2,GBP,2024-08-31,INVOICED,2026-05-05T00:00:29.898317
ORD000587,PROMO00587,CUST002,PROD002,NAV2,207,0.8699,180.07,GBP,2024-01-07,INVOICED,2026-05-05T00:00:29.898322
ORD000588,PROMO00588,CUST005,PROD009,NAV2,93,4.2195,392.41,GBP,2024-01-26,INVOICED,2026-05-05T00:00:29.898326
ORD000589,PROMO00589,CUST002,PROD005,NAV2,400,2.889,1155.6,GBP,2024-03-06,INVOICED,2026-05-05T00:00:29.898335
ORD000590,PROMO00590,CUST004,PROD012,NAV1,500,3.962,1981.0,GBP,2024-01-27,INVOICED,2026-05-05T00:00:29.898340
ORD000591,PROMO00591,CUST002,PROD013,NAV2,404,1.4583,589.15,GBP,2024-12-06,INVOICED,2026-05-05T00:00:29.898345
ORD000592,PROMO00592,CUST008,PROD001,TROPOS,270,0.9199,248.37,GBP,2024-10-14,INVOICED,2026-05-05T00:00:29.898350
ORD000593,PROMO00593,CUST009,PROD013,CLOUDSUITE,335,1.4474,484.88,GBP,2024-12-23,INVOICED,2026-05-05T00:00:29.898354
ORD000594,PROMO00594,CUST002,PROD007,NAV2,366,0.8103,296.57,GBP,2024-09-16,INVOICED,2026-05-05T00:00:29.898359
ORD000595,PROMO00595,CUST012,PROD013,CLOUDSUITE,343,1.7018,583.72,GBP,2024-06-28,INVOICED,2026-05-05T00:00:29.898364
ORD000596,PROMO00596,CUST003,PROD007,CLOUDSUITE,484,0.8212,397.46,GBP,2024-06-06,INVOICED,2026-05-05T00:00:29.898369
ORD000597,PROMO00597,CUST012,PROD012,CLOUDSUITE,386,3.4254,1322.2,GBP,2024-04-14,INVOICED,2026-05-05T00:00:29.898374
ORD000598,PROMO00598,CUST011,PROD006,NAV1,134,3.2853,440.23,GBP,2025-01-02,INVOICED,2026-05-05T00:00:29.898378
ORD000599,PROMO00599,CUST009,PROD009,CLOUDSUITE,27,4.0474,109.28,GBP,2025-01-01,INVOICED,2026-05-05T00:00:29.898388
ORD000600,PROMO00600,CUST008,PROD010,TROPOS,333,1.2455,414.75,GBP,2024-12-12,INVOICED,2026-05-05T00:00:29.898393
